dam_id,dam_name,sed_yield_t_ha_yr,area_km2
id_010000,Al-Hariqah,3.467380732,1327.181422
id_010001,Tamir,0.419758551,10.39585528
id_010002,Shi'b Al-Qasr Al-Asfal,3.028792013,476.0297376
id_010003,Al-Manih,2.335154861,6.795315792
id_010004,Qabiban,4.601179458,11.00313286
id_010005,Al-Ashr,2.144710158,4.683855356
id_010006,Al-Dahinah,2.784133981,16.25706446
id_010007,Al-Anbari,2.168375024,20.40838204
id_010008,Al-Ghadir,2.306460919,10.72425836
id_010009,Abu Rukhab,10.69268285,4.674803153
id_010010,Al-Khalif,2.411548819,21.90740876
id_010011,Al-Mahdiyah,2.913758025,31.73482847
id_010012,Al-Fawarah,3.051257907,14.79661195
id_010013,Al-Khur'iyah,2.979626913,187.4388117
id_010014,Al-Hafirah,9.602743891,16.49082014
id_010015,Malham,2.201177196,467.9401323
id_010016,Mazwiyah,0.450288621,9.141303135
id_010017,Halifah Al-Musa'id,2.143427489,7.838716372
id_010018,Mahiraqah,3.337219556,13.94693746
id_010019,Marqan,1.252936097,1676.183285
id_010020,Al-Shahmah,1.100554154,15.28567973
id_010021,Al-Ruwaydah,1.288309204,121.8077617
id_010022,Athitiyah,1.849155265,16.52031192
id_010023,Al-Qaltah,1.353869179,1739.598358
id_010024,Marat,2.20142624,17.7253458
id_010025,Sudus,2.067704889,52.74882731
id_010026,Al-Raziwah,1.347430167,53.0483428
id_010027,Al-Bair,3.49127656,16.26597998
id_010028,Haradah,2.361835753,51.39777109
id_010029,Al-Jazar,1.29608736,51.93675256
id_010030,Bawdah,0.879860324,73.428643
id_010031,Tamrah,1.117528193,118.6157154
id_010032,Anan,2.38406397,76.57159574
id_010033,Al-Artawiyah,0.727170923,211.91319
id_010034,Al-Khaniqiyah,2.262358498,307.1334788
id_010035,Khanqat 'Arwah,0.994404797,1082.813829
id_010036,Al-Hadar,1.112761717,230.4961666
id_010037,Al-Jufir,3.330206861,80.58577071
id_010038,Al-Fahihal,11.42784578,5.739226831
id_010039,Al-Rayn Bin 'Asaylan,2.44549332,589.4235077
id_010040,Warat,4.593956443,25.90477215
id_010041,Salabawakh,1.716825658,300.4313463
id_010042,Al-'Afaj,2.429223572,1363.101012
id_010043,Al-'Ayinah,1.294322443,33.15303957
id_010044,Al-Ghat,1.359856609,45.23776964
id_010045,Hawatah Sadir,2.163994787,224.8555908
id_010046,Al-Wasi'ah,2.983612715,4.062248356
id_010047,Al-Manhanah,1.5528765,44.84416932
id_010048,Al-Sha'arah,11.15474826,4.165548988
id_010049,Al-Maliyah,1.6809718,349.1943032
id_010050,Al-Ha'ir Bin Al-Majma'ah,1.597063933,48.56945954
id_010051,Al-Hariq Bin Al-Washam,4.043351337,24.63013428
id_010052,Namar,1.494141636,189.9458707
id_010053,Hanifah,1.64257356,1668.885705
id_010054,Al-Shamam,14.75571742,7.48137759
id_010055,Al-Nasaq,15.89239692,4.041534456
id_010056,Dharmah,12.40492138,4.923738495
id_010057,Al-Qawi'ah,1.552249387,248.593398
id_010058,Hadijah,10.39097838,15.89046304
id_010059,Al-Muzayri'ah,3.299374024,135.8937983
id_010060,Lasad,4.749514655,58.98334035
id_010061,Jalajil,2.408384978,79.38545211
id_010062,Al-Khanqah,1.282569289,1687.08652
id_010063,Laban,2.283089585,201.3329788
id_010064,Thadiq,18.80395005,4.019643202
id_010065,Al-Ahmar,1.706909503,300.5854055
id_010066,Harimilah,3.064405457,149.7677854
id_010067,Al-Matirafi'ah,2.398013704,142.2910102
id_010068,Al-Rawdah,2.532336437,146.9631317
id_010069,Al-Hanabij,2.655281178,59.77164158
id_010070,Hawtat Bani Tamim,4.285464393,1736.611174
id_010071,Al-Ha'ir,1.149761445,2962.116143
id_010072,Al-Hariq,4.726971003,615.4349212
id_010073,Al-Halwah,5.288808587,224.0977882
id_010074,Ghubaira,3.528213411,1370.913011
id_010075,Al-Jafnah,3.046439785,15.96755616
id_010076,Isam,1.132961897,4.425355229
id_010077,Al-Ma'idhar,1.591552234,13.66946526
id_010078,Al-Rimah,2.030138797,14.26810469
id_010079,Al-Buq,0.230698043,4.761374446
id_010080,Al-Tamriyah,2.044844061,17.08179711
id_010081,Hajilah,5.483205531,22.23968603
id_010082,Safar,2.911677702,59.51925615
id_010083,Ashirah,1.060855371,488.0906217
id_010084,Al-Halifah,1.907629394,17.36189895
id_010085,Al-Sadarih,7.245674386,10.91063281
id_010086,Al-Sadirah Am Nakhlah,5.46540319,13.37176396
id_010087,Al-Haysiyah,3.01223954,129.1976835
id_010088,Sh'ib Al-Isar,0.871035162,120.2241111
id_010089,Al-Thumaylah,5.532713231,11.18823474
id_010090,Al-Barah,2.065483758,79.17073319
id_010091,Al-Majma'ah,1.401897418,361.2981246
id_010092,Al-Safrat,3.398027037,74.14316739
id_010093,Samnan,4.487500311,55.47979833
id_010094,Al-Ghil,2.878244838,436.5609916
id_010095,Al-Alab,1.714094796,1326.526895
id_010096,Al-Mushaqar,1.502955,259.654785
id_010097,Ari'ah Al-Janubi,0.203723769,4.528318784
id_010098,Abaraqih,0.747753327,892.6826648
id_010099,Jawi,12.4990975,25.22655181
id_010100,Al-Ananiyah,3.207342355,148.2369313
id_010101,Raghbah,2.181442044,50.95726037
id_010102,Al-Kalbi,0.805703062,169.3549304
id_010103,Khaim,1.02240027,74.54356032
id_010104,Ba'ij,0.266341581,5.51298621
id_010105,Ari'ah Al-Shamali,0.188531436,4.465095402
id_010106,Ruwaighib,1.863393277,5.320263132
id_010107,Malih,0.533855017,16.29813866
id_010108,Aba Al-Lasf,1.051770053,34.18418357
id_010109,Al-Shu'bah,4.558917202,26.23228246
id_010110,Wadi Asimar,0.90285265,131.8062394
id_010111,Al-Nabah,0.310687355,7.791157399
id_010112,Al-Khadar,0.159713895,123.6827462
id_010113,Turif,0.702493865,6.965892372
id_010114,Samanan Al-Tad'imi,0.797368484,45.65029317
id_010115,Ari'ah Al-Sharqi 1,0.397396833,5.442113548
id_010116,Ari'ah Al-Sharqi 2,0.397396833,5.442113548
id_020000,Marikh,6.470386354,35.39477876
id_020001,Ghaya,6.477824607,45.21934477
id_020002,Am Hablayn,6.298385009,38.42386675
id_020003,Daghbaj,9.798900896,43.9948894
id_020004,Burayman,5.089235947,51.16239018
id_020005,Ghulail Al-Shamali,1.646440598,25.09002133
id_020006,Mathawab 1,0.48461086,5.502248438
id_020007,Mathawab 2,0.442869807,33.73806391
id_020008,Qawas 1,1.277040271,22.67352756
id_020009,Qawas 2,1.272731634,22.64964517
id_020010,Qawas 3,2.028551148,62.5094046
id_020011,Ghalil Al-Janubi,0.715239362,36.03155175
id_020012,Am Al-Khir,3.016009576,105.3258017
id_020013,Al-Samir,4.507695825,282.8254183
id_020014,Al-Ahtirazi,3.220688336,249.8115125
id_020015,Turabah,3.024193349,4692.550298
id_020016,Turabah Al-Jawfi,3.453652994,3472.091672
id_020017,Al-Marwani,3.652075304,2774.664904
id_020018,Rabigh,3.98579191,3719.25756
id_020019,Hali,9.660225664,4897.33871
id_020020,Al-Naqabiyah,1.644789127,8135.756471
id_020021,Al-Lith,4.870778709,1888.593333
id_020022,Al-Lith Al-Jawfi,3.531926826,2556.03246
id_020023,Qanuna,7.61731661,1393.696797
id_020024,Al-Manadhah,13.10076071,4.116717789
id_020025,Katnah,10.6281808,23.37010464
id_020026,Atam,0.174986462,4.29004701
id_020027,Damah,0.250867677,15.64798116
id_020028,Ghurif Jidarah,0.087824667,5.311795012
id_020029,Dhari,0.804435672,27.59028883
id_020030,Al-Raghiyah Riman,0.479292138,61.13569323
id_020031,Al-Shawahitah,7.745243374,9.682678193
id_020032,Nawafilah,9.63176116,4.290610206
id_020033,Al-Atah,3.672893756,7.120548157
id_020034,Al-Marifiq,10.03381411,16.34838217
id_020035,Al-Ramah,2.095465261,30.48814343
id_020036,Al-Shu'irah,9.219152817,4.098645801
id_020037,Yasib,5.917270237,22.20793948
id_020038,Al-Bajidi,3.714302256,116.8292366
id_020039,Qurad,2.647001371,55.29707092
id_020040,Sa'b,3.853018263,232.5643582
id_020041,Misan,0.087354212,4.04355854
id_020042,Ikrimah,3.829213822,222.1927402
id_020043,Dharah,4.877032542,86.5480665
id_020044,Al-Ayab,1.68675298,61.53827926
id_020045,Al-Sab'an,2.200992825,163.7744433
id_020046,Thumalah,3.92992574,26.91093679
id_020047,Shawan,0.855467219,346.4440336
id_020048,Hajar,3.460681975,206.210978
id_020049,Bathan,4.228347907,71.24029711
id_020050,Malkan,3.020343143,120.9727352
id_020051,Nu'man,3.451701754,73.81243921
id_020052,Al-Qu'ur,1.535588208,92.58558951
id_020053,Awathal,6.430565977,9.244803598
id_020054,Basal,4.859378669,130.4295103
id_020055,Lasab,6.555001723,16.33720822
id_020056,Kara Al-Qawamah,1.905138771,954.678449
id_020057,Faydat Al-Musallah,0.472129521,4155.499976
id_020058,Wadi Fatimah,3.14267761,3104.375427
id_020059,Am Al-Doum,0.698615421,29.93434567
id_020060,Thariban,3.203012117,80.2116308
id_020061,Wabah,2.774494374,531.6654511
id_020062,Shawqab,3.90959392,52.5295914
id_020063,Qarn,4.421777795,190.292141
id_020064,Al-Janah,7.171022297,104.0058574
id_020065,Al-Mahanad,0.605747366,2293.88343
id_020066,Hawajiz Al-Dab'ah,0.457977631,61.44915338
id_020067,Amat,3.14340911,21.17412577
id_020068,Al-Makhadah,2.330177007,63.24125673
id_020069,Al-Dhiyah,5.05000498,65.94770311
id_020070,Al-Laqitah,3.211874072,44.57723369
id_020071,Kalakh,3.721886508,570.3078501
id_020072,Liyah,3.089761006,182.4589301
id_020073,Sisad,4.469023205,6.341668969
id_020074,Aqawam Rabigh,1.574573476,5069.638028
id_020075,Al-Ghalah,10.96835188,397.894439
id_020076,Al-Shaqqah,2.733403497,1487.041694
id_020077,Buwah,5.010862498,443.7821155
id_030000,Al-Nahitah,4.848491022,391.9951259
id_030001,Abu Hanak,3.702334597,281.93893
id_030002,Al-Wajab,0.174314995,289.1637276
id_030003,Abu Ghasha,0.685922517,1598.182983
id_030004,Al-Jarisiyah,1.80236833,16.66826693
id_030005,Shalal,3.033530338,71.8851136
id_030006,Qaran,1.18051735,209.2652451
id_030007,Al-Salahaniyah,0.836101502,298.2271449
id_030008,Amirah,3.328818091,210.0139433
id_030009,Nakhala,0.927332354,723.0758973
id_030010,Al-Shara'ih,1.274655447,113.6438394
id_030011,Al-Farah,1.193864893,698.8181438
id_030012,Al-Ghab,0.712890423,43773.65447
id_030013,Al-Is,4.284122153,871.2913819
id_030014,Talal,0.422780367,1558.738163
id_030015,Tasha,3.841926333,369.1734768
id_030016,Al-Aqiq Al-A'lah,1.73349059,2299.426881
id_030017,Bidan,0.731463896,940.7199404
id_030018,Malal,3.614507323,734.3266174
id_030019,Al-Murabah,3.457941518,2311.922093
id_030020,Rim,4.824131938,772.6140684
id_030021,Wasat Al-Jazl,1.27565326,5710.999032
id_030022,Al-Aqul,0.489827097,36261.05302
id_030023,Am Talhah,0.796347489,267.7776374
id_030024,Al-Hanaw,9.242501851,4.572856982
id_030025,Ashar,3.141679779,29.71094044
id_030026,Khalis,1.085096563,2473.968902
id_030027,Al-Sadr,1.762723953,70.03730622
id_030028,Ajathaliyah,0.818795359,256.7321651
id_030029,Dhalamah,8.550133319,105.3124806
id_030030,Bathan,1.274706618,113.6360422
id_030031,Al-Muqarran,0.469246479,2263.350614
id_030032,Qasibah,0.893363645,603.6598851
id_030033,Ahamir,0.750705095,1057.827684
id_030034,Al-Tar'ah,4.047250352,1328.681171
id_030035,Al-Far'ah,3.90967125,4399.440287
id_030036,Hadhawadha,0.472644169,35545.96952
id_030037,Qusayba' Al-Tad'imi,0.323538253,578.544809
id_030038,Al-Hasid,0.465742793,227.8378084
id_030039,Al-Aqul Al-Hajari,23.843881,16.70163209
id_040000,Aba Al-Hiyas,0.202785352,4.195254199
id_040001,Al-Rubiqah,0.787309988,18.85989174
id_040002,Al-Matla' Al-Aysar,1.775842004,20.2206789
id_040003,Aba Al-Hadar,0.65101094,324.1116684
id_040004,Aba Al-Rimah,3.688782336,6.888079236
id_040005,Al-Matla' Al-Ayman,9.579388429,18.68335244
id_040006,Qatan,3.851548616,44.65648515
id_040007,Al-Madhnib,0.911472496,15.21783083
id_040008,Wadi Al-Nakhil,0.621477431,60.8816278
id_040009,Abu Jurayfah,1.371427525,252.1515002
id_040010,Al-Rubiq,0.680763743,64.50903536
id_040011,Nasifat Aban Al-Ahmar,1.305114437,128.2999269
id_040012,Dar'ah,1.882894889,143.35581
id_040013,Uqlat Al-Suqur,0.262759093,29644.48623
id_040014,Al-Fawarah,0.835095801,277.1170263
id_040015,Al-Rummah,0.414523248,84011.60091
id_040016,Marid,0.404566432,96141.11444
id_040017,Bada'ih Al-Hamamin,0.275943898,235.3240498
id_050000,Al-Dhibiyah,0.343134608,3880.984441
id_050001,Hafar Al-Batin,0.343957365,3671.986742
id_060000,Al-Marah,0.153599201,6309.690257
id_060001,Al-Hilali,0.440864055,575.6953498
id_060002,Al-Lawiziyah,0.615030822,82.46002077
id_060003,Uwayj Al-Tal'ah,0.234210701,2138.996873
id_060004,Turif,0.215133779,551.0170375
id_060005,Al-Awashaqi,0.500898223,119.6528562
id_060006,Gharabah,3.102006137,394.2682631
id_060007,Aba Al-Qur,0.304766787,3213.781161
id_060008,Badanah,2.233341646,875.4146251
id_060009,Ar'ar,0.271879301,5182.811148
id_060010,Fihan,0.299040793,25261.19634
id_060011,Mahitah,0.334073706,35.02954878
id_070000,Ayash,2.931806733,48.04965443
id_070001,Ara'ir,8.120575761,10.3091204
id_070002,Al-Gharabah,2.53529368,88.28944161
id_070003,Badwah,1.916397591,71.78757092
id_070004,Abha,4.877669425,56.41754635
id_070005,Al-Fawhah,2.647092764,276.6705769
id_070006,Tandahah,3.306666613,376.0122644
id_070007,Atud Al-Khamis,1.844645499,394.1347279
id_070008,Tarjis,3.437394963,726.4650485
id_070009,Marbah,1.850639807,535.9983276
id_070010,Atud,3.383140545,513.8640815
id_070011,Marbah Al-Jawfi,2.630574336,1463.077628
id_070012,Tabalah,5.962918557,858.0340866
id_070013,Shihanah,1.656840041,22.52377955
id_070014,King Fahad,4.254389828,7268.054238
id_070015,Al-Malik Fahd Al-Jawfi,2.124831908,7271.528661
id_070016,Yabah,6.620195425,2341.929768
id_070017,Shi'b Al-Harajah,0.05520951,163.0485435
id_070018,Al-Qurihah,0.151088057,4.157277586
id_070019,Al-'Aws,0.005681028,11.04631562
id_070020,Rim,0.007652806,4.129658043
id_070021,Al-'Asim,0.03797703,4.912517424
id_070022,Al-Sawdah,10.28222871,6.925959063
id_070023,Khath'am,2.767191257,12.64164936
id_070024,Marah,2.08710485,52.74026459
id_070025,Al-Ramid,0.227474903,4.609829546
id_070026,Zahrah Bani Bashar,5.329606284,4.480852697
id_070027,Khidar,20.61173189,7.431184974
id_070028,Al-'Amal (Zahir),11.79998295,22.54283636
id_070029,Al Basam,0.15710766,4.567735006
id_070030,Bani Qays,2.382096284,16.59685463
id_070031,Al-Mashrab,4.657232765,83.05577125
id_070032,Jash (Al-Riyadh),3.638112715,51.88078744
id_070033,Al-Wuqirah,11.6211749,5.681701773
id_070034,Tha'abah,6.783261833,4.349759872
id_070035,Mahlah 'Ar'arah,0.0855734,4.293461082
id_070036,Al-Dirham,0.250805682,4.308081526
id_070037,Al-Batnah,2.635055632,32.0133847
id_070038,Ru'am,5.683534423,66.25511687
id_070039,Al-Ghilan,4.582320872,4.107981354
id_070040,Rimah,2.497428523,4.316165757
id_070041,Tulihah Al-Sharaf,2.821594736,188.2722443
id_070042,Al-Hadilah,8.959905864,4.123071262
id_070043,Wasanib,1.877639749,4.102775738
id_070044,Radah,7.013023711,4.202946398
id_070045,Bashut,1.979222851,4.92775387
id_070046,Al-Faqa'is,13.58834891,11.07570426
id_070047,Al 'Ifah,0.140814891,4.781321105
id_070048,Al-Khulsah,2.384405432,21.0049617
id_070049,Al-Qabdah,8.730440079,17.47392116
id_070050,Shari,4.330606036,109.9379558
id_070051,Al-Harajah,11.20530311,6.698905001
id_070052,Ghadar,6.840787656,9.803115665
id_070053,Al-'Ayinah,1.921967575,23.30312435
id_070054,Sadwan,2.99667552,23.77233442
id_070055,As-Samkhiyah,0.09672939,4.18791859
id_070056,Al-Maraghah,3.967842282,184.1037639
id_070057,Al-Akhdar Al-Musfir,4.067154582,33.22262226
id_070058,Hijrat Zahir,3.604997116,29.47837133
id_070059,Al-Nahrah,17.60479476,4.274702285
id_070060,Rawdan,3.287263117,41.3691568
id_070061,Surum,4.372418281,4.335053212
id_070062,Jawf Al-Ma'mar,12.4990975,25.22655181
id_070063,Al-'Adiyah,10.48525891,7.399556046
id_070064,Al-Hufah,8.728486977,4.124217957
id_070065,Ar-Rashid,10.59576889,18.44149567
id_070066,Al Thabit (Al-Khir),8.345675055,18.1871389
id_070067,Al-Hajlah,5.132193911,112.8490185
id_070068,Jabal Khat,2.712371068,29.39569807
id_070069,Jariyah Al-Majardah,2.501963103,92.24601548
id_070070,Afyadh Al-Talhah,6.061432204,63.80935084
id_070071,Sharaqib,11.56206992,4.377145972
id_070072,Shi'b Shadad,0.015483775,4.742666345
id_070073,Hajla,1.428445132,62.86147862
id_070074,Surum Al-Harajah,4.950459037,15.16463185
id_070075,Sarabah,6.209842168,6.199291972
id_070076,Bahwan,4.920055334,30.88593185
id_070077,Tabab,0.085716867,13.65343024
id_070078,Anam,19.60711936,4.085795007
id_070079,Al-Musayriq,2.543007629,13.97115895
id_070080,Al-Ghurah,2.693891096,7.796084055
id_070081,Maskah,4.718492316,35.36618895
id_070082,Al-Madhah,2.436079366,837.1952565
id_070083,Haswah,0.025683617,15.74161857
id_070084,Subh,2.719326472,29.35118095
id_070085,Tamniyah,2.326124717,16.81246675
id_070086,Al-Gha'il,17.77061106,12.33613766
id_070087,Al-Da'fah,0.132213515,4.830169741
id_070088,Halba,5.932534481,37.80456257
id_070089,Al-Mawin,4.676547134,40.29413235
id_070090,Turayf,3.750641355,20.08552196
id_070091,Ashran,8.628092665,35.08844726
id_070092,Amiq Bal-Lahmar,4.968375751,53.33707669
id_070093,Khurs,3.907068812,51.43241301
id_070094,Athab,1.430420611,40.03579048
id_070095,Al-Dahnah,4.22538901,9.235402954
id_070096,Al-Qabah,4.561778745,459.996336
id_070097,Ghalabah,4.029860805,93.08055551
id_070098,Dhahban,6.278147939,470.0681826
id_070099,Al-Fid,5.512947728,300.5956044
id_070100,Qurdan,7.21512689,29.82567573
id_070101,Harjab,1.454179583,790.9706666
id_070102,Al-Sarwa,0.242561148,4.82866748
id_070103,Al-'Asran,0.172850317,4.248070967
id_070104,Abu Khuda'ah,4.169680295,257.2568698
id_070105,Kutam,6.65465467,72.43804039
id_070106,Al-'Ayzah,11.57209399,18.17937473
id_070107,Al-Farwan,10.20737548,10.94294574
id_070108,Wadi Daf,11.14212368,18.22471823
id_070109,Thama,6.274144979,4.461510102
id_070110,Al-Jawah,13.16924734,6.247858128
id_070111,Awis,3.610629844,19.73307866
id_070112,Yafif,3.37231312,21.32449006
id_070113,Nabah,7.41751093,6.086377497
id_070114,Khadar Al-Haymah,2.862737781,126.8125183
id_070115,Tahallul,2.691768132,103.0654828
id_070116,Al-Mahzamah,4.651288462,83.31706869
id_070117,Aqdah,4.608497514,37.20120518
id_070118,AL-Thafn,0.262477504,1732.739211
id_070119,Al-Farhah,0.308087154,10.4936369
id_070120,Hadhir,0.024562523,25.04312149
id_070121,Wasat Marama,2.816918519,110.5772297
id_080000,Mamana Al-Jawfi,0.31047091,56.68437332
id_080001,Dawaqat Al-Abd Al-Hamid,2.563187503,113.3084255
id_080002,Daqah,3.818311369,415.9189316
id_080003,Alib,3.601288112,705.5626498
id_080004,Alib Al-Jawfi,3.696700398,745.2786815
id_080005,Al-Ahsabah,7.203570781,925.8269516
id_080006,Al-Ahsabah Al-Jawfi,7.38360611,1021.28931
id_080007,Thurad,5.199518201,376.5313456
id_080008,Thurad Al-Jawfi,4.980038187,411.447505
id_080009,Al-Janabin,4.142075169,209.5054116
id_080010,Al-Aqiq,5.273393842,309.4318512
id_080011,Ardah Al-Jawfi,3.63087179,1166.670873
id_080012,Ardah,7.402623446,1052.31871
id_080013,Batat Al-Jawfi,2.327655436,195.5148321
id_080014,Daqah Al-Jawfi,4.153307892,460.1190736
id_080015,Matuwah,0.009670245,5.299191337
id_080016,Al-Arishayn,0.015586085,4.46005797
id_080017,Al-Ritaq,0.341716882,22.05717104
id_080018,Zaqat,0.05999925,11.92849418
id_080019,Al-Qamah,0.045984221,8.902221879
id_080020,Al-Azizah,0.544969221,4.629208499
id_080021,Dharawah,0.015586085,4.46005797
id_080022,Al-Hijah,1.758697096,6.901358974
id_080023,Ajlan,0.033363601,19.26305929
id_080024,Al-Malad,2.164511614,34.36070494
id_080025,Shahbah,2.508836624,5.128015022
id_080026,Al-Aja'idah,6.914529872,4.906162807
id_080027,Dhark,2.899085801,232.0396553
id_080028,Am Rijlan,0.018025104,12.89931306
id_080029,Al-Marbah,1.737612253,14.43104581
id_080030,Al-Kharar,1.24503998,25.25816327
id_080031,Al-Lahijah,3.875758068,21.17894637
id_080032,Al-Khalah,11.68216224,4.079609821
id_080033,Al-Talqiyah,1.890032812,11.95541302
id_080034,Al-Jahafin,1.753835529,7.110979753
id_080035,Al-Haliyah,1.979406541,4.079609821
id_080036,Subihah,4.544797818,28.07034261
id_080037,Al-Dhahin,1.799657891,22.36765772
id_080038,Al-Muzlimat,2.957630194,220.2423567
id_080039,Al-Sadr,3.207401637,81.02465534
id_080040,Al-Mashiraf,4.063984968,50.23453544
id_080041,Ma'shuqah,7.188121658,178.9837772
id_080042,Al-Marazawaq,8.03646045,6.654340443
id_080043,Jarab,2.637515419,91.01695663
id_080044,Madhas,2.76232552,278.6724029
id_080045,Bidah,9.379609529,26.45433243
id_080046,Al-Habis,0.011892943,4.0758884
id_080047,Dabdab,0.01964974,4.891155335
id_080048,Al-Milh,8.937714728,321.1172849
id_080049,Al-Afarah,0.014544531,6.009506233
id_080050,Athal,9.242121274,5.469089555
id_080051,Al-Hadim,7.916731444,17.2731608
id_080052,Al Sarawar,0.757399204,17.33426128
id_080053,Shada Nira,0.71293589,94.90776038
id_080054,Al-Madarah,0.459783473,6.632707678
id_080055,Al-Hamirah (Al-Salasil),2.269548459,83.155691
id_080056,Al-Nusabah,0.461964001,12.37164604
id_090000,Al-Juwi'diyah,1.36816948,532.3552711
id_090001,Aqadah,5.221605338,5.97943185
id_090002,Al-Sahwah,2.717692023,9.728714812
id_090003,Al-Sada'iyah,3.406471705,6.620453443
id_090004,Al-Ratiq,4.834174589,10.78346508
id_090005,Taba,1.965750994,6.982786717
id_090006,Tawarin,4.311498031,29.98358298
id_090007,Al-Jahifah,4.891589918,9.812300264
id_090008,Al-Mudih,4.322319158,7.034355089
id_090009,Fayd,1.420348292,5.299264862
id_090010,Aqalat Bin Jabrin,1.11028725,50.96232596
id_090011,Al-Salaf,3.311257738,57.80493484
id_090012,Al-Raqab,0.9811825,1161.042511
id_090013,Saqiyat Fayd,1.452817521,580.409381
id_090014,Al-Azim,1.692286571,9.359897936
id_090015,Nuqbayn,6.478187054,17.04648875
id_090016,Al-Sir,3.969916618,7.220213496
id_090017,Ghamrah,2.278475902,21.620106
id_090018,Samirahh,0.726913845,126.9860355
id_090019,Al-Radafin,4.380963584,19.54142736
id_090020,Al-Hawidah,1.212854224,15.02624373
id_090021,Al-Shinan,3.094461496,63.37855013
id_090022,Al-Bar,5.04886899,5.879697723
id_090023,Al-Halifah,0.701685213,3431.574283
id_090024,Al-Sab'an,0.999735536,96.39896317
id_090025,Saqf,1.3804928,92.19166292
id_090026,Watadah,0.576479258,42.0586921
id_090027,Al-Salimah,1.120818977,97.62564866
id_090028,Dalihan,1.537835307,85.61369956
id_090029,Bazakhah,0.920866776,171.6701339
id_090030,Al-Mustajidah,5.928322074,19.75187619
id_090031,Al-Shaqiq,1.982790337,530.7972687
id_090032,Al-Wasitah,1.001431845,681.6644342
id_090033,Al-Ha'it,0.559880028,426.0179312
id_090034,Al-Dabiyah,0.718175695,689.4213701
id_090035,Wasmiya,5.268901595,12.84552941
id_090036,Al-Na'ih,5.045419017,4.583641621
id_090037,Al-Adirah,0.689752493,648.5944646
id_090038,Al-Rawdah,3.267400088,65.14507351
id_090039,Al-Ghazalah,1.703676427,18.4648554
id_090040,Al-Rawd Bin Hadi,0.718481041,885.5036617
id_090041,Aqadh Al-Tad'imi,0.305178705,14.23807969
id_090042,Mashar,8.013898435,6.229754269
id_090043,Aba Adi,0.186000786,7.095703764
id_090044,Qarih,5.37081873,6.522635503
id_090045,Al-Sir Al-Tad'imi,3.563150923,21.4196546
id_100000,Al-Kharar,3.459410914,148.3958862
id_100001,Rahib,3.577038293,23.63606559
id_100002,Abu Al-Qazaz,1.216825133,1267.973363
id_100003,Al-Zarib,0.501667529,125.5322698
id_100004,Shawaq,5.063520058,145.3669337
id_100005,Aynawanah,1.69444156,446.368777
id_100006,Damah,3.575223576,581.2496421
id_100007,Sharamah,0.826424332,1654.266094
id_100008,Samin,1.664677654,45.08047682
id_100009,Al-Nabi',3.164088192,127.802831
id_100010,Al-Kar,2.067035709,389.5941433
id_100011,'Afal,1.749802588,1816.716315
id_100012,Shaghab,3.296768918,419.871562
id_100013,Al-Balitih,1.775106305,67.95052461
id_100014,Al-Fari'ah,1.454577827,1295.137799
id_100015,Wadi Al-Najad,1.750295209,397.6511146
id_100016,Tala' Al-Shamali,8.998596446,23.81805539
id_100017,Salim Al-Awasat,5.530705997,9.381161333
id_100018,Dahkan,1.545703243,86.63307703
id_100019,Damh,1.02415857,3082.076873
id_100020,Dab'an,9.371273625,44.2940222
id_100021,Tila' Al-Janawabi,2.211033681,11.07930708
id_100022,Al-Baqar,2.368023084,226.890833
id_100023,Tarim,2.185933775,901.3280014
id_100024,Na'am,2.121050819,80.8249625
id_100025,Al-Mawilah (Al-Sir),2.883857123,520.1832
id_110000,Al-Ma'tadal (Al-Tamariyah),0.583592698,160.5436114
id_110001,Zalawam,0.749690178,198.047047
id_110002,Al-Ay'ali,0.29997044,3630.260173
id_110003,Al-Ma'arik,0.060336907,3.934488634
id_110004,Al-Shawihitiyah,0.228705901,2110.359241
id_110005,Al-Nakhalah,2.594841039,90.58303335
id_110006,Bair,0.096751958,2632.820479
id_110007,Hasidah Al-Gharbiyah,0.146152592,1078.014824
id_110008,Sarmadah,0.175147413,1485.224714
id_110009,Hasidah Al-Sharqiyah,2.232612772,308.1223468
id_110010,Al-Marir,11.32130615,94.48747953
id_120000,Baish,7.50532372,4755.84299
id_120001,Baish Al-Jawfi,7.532609545,4799.981014
id_120002,Jazan,6.402757848,1412.931567
id_120003,Damad,4.684037446,899.6031784
id_120004,Damad Al-Jawfi,1.864801232,996.6468763
id_120005,Qasi,9.043430669,267.3423914
id_120006,Shab Maghawarah,6.001170735,8.614124901
id_120007,Lajab (Bashimah),1.052119672,9.735349616
id_120008,Al-Madirah,2.519618395,34.24513839
id_120009,Amud,1.391971763,89.47306754
id_120010,Al-Raith,6.318658333,29.35954892
id_120011,Qurah,5.563291989,79.31729249
id_120012,Wasah,10.40410235,45.43821764
id_120013,Wa'al,5.184769111,56.80145915
id_120014,Shahdan,3.741926221,100.1460919
id_120015,Am Khabarah,1.596202198,355.416685
id_130000,Najran,4.762869228,4565.553922
id_130001,Najran Al-Jawfi,4.645857283,4856.307669
id_130002,Aratad,0.158304627,6.769219552
id_130003,Yasan,3.064063519,412.8323504
id_130004,Al-Salamah,6.769649628,16.35826046
id_130005,Al-Bayadh,3.953811477,7.829837287
id_130006,Al-Maghawi,3.644224494,25.55171596
id_130007,Makish,1.113022646,86.04250099
id_130008,Khadiran,3.479503422,128.1410915
id_130009,Al-Mahjar,2.975408202,84.92991718
id_130010,Al-Yatim,3.307672323,13.57505653
id_130011,Makhdab,3.740026806,180.9628536
id_130012,Thar,3.422285132,368.1832468
id_130013,Humayran,3.645742143,38.6726371
id_130014,Al-Ashah,2.609146877,32.73197384
id_130015,Qatan,3.34321805,94.93009322
id_130016,(Surum) Halal,8.488273607,311.5019465
id_130017,Al-Khadarah,4.360823951,19.38618805
id_130018,Na'wan,2.816824243,29.166279
id_130019,Al-Safah,3.88100116,15.78046068
id_130020,Tarimah,4.250778824,320.3012634
id_130021,Al-Malihah,3.135061102,84.232361
id_130022,Akadhaba,4.347680965,4.348567623
id_130023,Al-Athibah,4.346914725,36.81911794
id_130024,Hadadah,6.944868145,143.3696926
id_130025,Al-Haj,7.244566876,19.48923772
id_130026,Al-Sharam,6.048184765,212.9557194
id_130027,Qurdah,4.394837549,18.67369211
id_130028,Matarah Al-Qaran,5.006766889,574.8351415
