elevation_m,depth_m,area_m2,volume_m3
2357.0,0.0,0.0,0.0
2357.5,0.5,2717.54,679.39
2358.0,1.0,4529.24,2491.08
2358.5,1.5,5435.09,4982.17
2359.0,2.0,7246.79,8152.63
2359.5,2.5,8152.63,12002.49
2360.0,3.0,12681.88,17211.12
2360.5,3.5,12681.88,23552.06
2361.0,4.0,16305.27,30798.84
2361.5,4.5,17211.12,39177.94
2362.0,5.0,21740.36,48915.81
2362.5,5.5,24457.9,60465.37
2363.0,6.0,28987.15,73826.64
2363.5,6.5,31704.69,88999.59
2364.0,7.0,38045.63,106437.17
2364.5,7.5,41669.02,126365.84
2365.0,8.0,46198.26,148332.66
2365.5,8.5,49821.66,172337.64
2366.0,9.0,53445.05,198154.31
