statistic,value
region,Saudi Arabia
reference_year,2026
n_dams_summary,503
n_dams_failed_pipeline,26
n_dams_with_params,526
n_params_source_srtm_derived,319
n_params_source_regi_multi,207
b_regionalized,1.5291
capacity_total_mcm,2478.13
capacity_median_mcm,0.4722
capacity_p05_mcm,0.07198
capacity_p95_mcm,10.0
capacity_max_mcm,325.0
n_cap_above_5mcm,43
n_cap_above_25mcm,15
n_cap_above_100mcm,5
n_cap_below_1mcm,368
construction_year_min,1950
construction_year_median,2008
construction_year_max,2025
n_pre_1980,41
n_1980_2000,150
n_2000_2010,144
n_post_2010,190
n_year_unknown,1
dam_height_median_m,10.5
dam_height_max_m,73.0
n_trusted,319
b_median,1.483
b_p16,1.2583
b_p84,1.7784
b_sigma,0.26
b_p05,1.114
b_p95,2.0575
b_min,0.8839
b_max,2.4979
n_training,216
b_median_training,1.4936
b_p16_training,1.2666
b_p84_training,1.8247
b_sigma_training,0.2791
b_p05_training,1.1601
b_p95_training,2.0608
b_min_training,1.03
b_max_training,2.3862
loglog_n,216
loglog_alpha,-0.5635
loglog_beta,0.6882
loglog_resid_rms,0.2269
fill_n,281
fill_median,0.1935
fill_p16,0.03399
fill_p84,0.5211
fill_p95,0.7032
fill_n_above_half,49
sediment_sdr_model,none_yield_is_delivered
sediment_n,525
sediment_bulk_density,1.3
sediment_loss_median,0.4243
sediment_loss_p16,0.1045
sediment_loss_p84,1.0
sediment_n_loss_above_50pct,241
sediment_n_fully_silted,152
sediment_n_filled_in,152
loo_sat_anchor_n,216
loo_sat_anchor_median_log10,0.8944
loo_sat_anchor_p16_log10,0.2915
loo_sat_anchor_p84_log10,2.101
loo_sat_anchor_sigma_log10,0.9046
loo_sat_anchor_mae_log10,1.168
loo_sat_anchor_rmse_log10,1.507
loo_sat_anchor_within_2x_frac,0.1528
loo_sat_anchor_within_3x_frac,0.2639
loo_sat_anchor_within_10x_frac,0.5741
loo_loglog_anchor_n,216
loo_loglog_anchor_median_log10,0.05839
loo_loglog_anchor_p16_log10,-0.262
loo_loglog_anchor_p84_log10,0.3176
loo_loglog_anchor_sigma_log10,0.2898
loo_loglog_anchor_mae_log10,0.2439
loo_loglog_anchor_rmse_log10,0.3
loo_loglog_anchor_within_2x_frac,0.662
loo_loglog_anchor_within_3x_frac,0.8935
loo_loglog_anchor_within_10x_frac,1.0
loo_multi_anchor_n,216
loo_multi_anchor_median_log10,0.03111
loo_multi_anchor_p16_log10,-0.145
loo_multi_anchor_p84_log10,0.2075
loo_multi_anchor_sigma_log10,0.1763
loo_multi_anchor_mae_log10,0.1369
loo_multi_anchor_rmse_log10,0.17
loo_multi_anchor_within_2x_frac,0.9306
loo_multi_anchor_within_3x_frac,1.0
loo_multi_anchor_within_10x_frac,1.0
loo_multi_anchor_medape_frac,0.2804
loo_multi_anchor_relrmse_frac,0.4656
b_cluster_baseline_sigma,0.2792
b_cluster_silhouette_max,0.3672
b_cluster_silhouette_min,0.2201
b_cluster_best_set,raw morphometry
b_cluster_best_k,3
b_cluster_best_sigma,0.2292
b_cluster_best_gain_pct,17.92
