dam_id,dam_name,capacity_mcm,c,b,source
id_010000,Al-Hariqah,0.08,0.005948429459637413,1.5034270263958565,regi_multi
id_010001,Tamir,0.061523,0.1677328131138925,1.1603075885832999,srtm_derived
id_010002,Shi'b Al-Qasr Al-Asfal,0.09117,0.0066603101645587885,1.5034270263958565,regi_multi
id_010003,Al-Manih,0.1,0.0064255401498130894,1.5034270263958565,regi_multi
id_010004,Qabiban,0.128442,0.006955558710563143,1.5034270263958565,regi_multi
id_010005,Al-Ashr,0.101387,0.0049989407976809225,1.5034270263958565,regi_multi
id_010006,Al-Dahinah,0.11664,0.013265914360851323,1.5034270263958565,regi_multi
id_010007,Al-Anbari,0.11,0.004631638257299609,1.5034270263958565,regi_multi
id_010008,Al-Ghadir,0.119,0.45324998362633057,1.1145556374960859,srtm_derived
id_010010,Al-Khalif,0.147368,0.00729838869385624,1.5034270263958565,regi_multi
id_010011,Al-Mahdiyah,0.15,0.0009973226467487608,1.728036934151059,srtm_derived
id_010012,Al-Fawarah,0.164,0.7379890594919681,1.1,srtm_derived
id_010014,Al-Hafirah,0.17,0.004755322227920338,1.5476771165688261,srtm_derived
id_010015,Malham,0.2,0.006948570575859841,1.5827008437202748,srtm_derived
id_010016,Mazwiyah,0.0458,0.0037469259769478615,1.5034270263958565,regi_multi
id_010017,Halifah Al-Musa'id,0.2,0.00029455540172806255,1.859683090775414,srtm_derived
id_010018,Mahiraqah,0.202838,0.34616871336556937,1.1395446862676057,srtm_derived
id_010019,Marqan,0.219537,0.0003226374555229048,1.7352350517205313,srtm_derived
id_010020,Al-Shahmah,0.219617,0.024285005291110894,1.3472368633759957,srtm_derived
id_010021,Al-Ruwaydah,0.14857,0.5978511651042917,1.1,srtm_derived
id_010022,Athitiyah,0.25,0.0040473390448158035,1.5034270263958565,regi_multi
id_010023,Al-Qaltah,0.13554,0.0077542689281667795,1.5034270263958565,regi_multi
id_010024,Marat,0.4,0.06204288926315192,1.3136017494622627,srtm_derived
id_010025,Sudus,0.4,3.127413964077843,1.1,srtm_derived
id_010026,Al-Raziwah,0.441675,0.7583730862384838,1.1,srtm_derived
id_010027,Al-Bair,0.441906,4.0269564053284445e-06,2.0,srtm_derived
id_010028,Haradah,0.4478,0.00010101717890232579,1.7617015175514346,srtm_derived
id_010029,Al-Jazar,0.040365,0.0050763076418184234,1.5034270263958565,regi_multi
id_010030,Bawdah,0.13,0.2381357020644832,1.1581677914097148,srtm_derived
id_010031,Tamrah,0.47352,0.007279142806668578,1.4858422804653642,srtm_derived
id_010033,Al-Artawiyah,0.607143,0.017798847966462368,1.3946287567098719,srtm_derived
id_010034,Al-Khaniqiyah,0.6782,0.017273925954913182,1.425568829718852,srtm_derived
id_010035,Khanqat 'Arwah,0.680143,0.16975002264725558,1.185731052032946,srtm_derived
id_010036,Al-Hadar,1.9,6.777853135141121e-06,1.9974565730483405,srtm_derived
id_010037,Al-Jufir,0.575625,0.04610655203282845,1.276631799929617,srtm_derived
id_010038,Al-Fahihal,0.801985,8.22427215444757e-06,2.0,srtm_derived
id_010039,Al-Rayn Bin 'Asaylan,0.826156,7.797111171479786e-06,2.0,srtm_derived
id_010040,Warat,0.881307,0.003557942513570557,1.4926728895743995,srtm_derived
id_010041,Salabawakh,0.9312,0.0024288275553901425,1.5611572831809106,srtm_derived
id_010042,Al-'Afaj,0.963524,0.08745175542506503,1.2429638400801735,srtm_derived
id_010043,Al-'Ayinah,0.1,6.028952929603127,1.1,srtm_derived
id_010044,Al-Ghat,1.0,0.1541605711383728,1.2376732098225485,srtm_derived
id_010045,Hawatah Sadir,1.0,0.8623698027709226,1.1,srtm_derived
id_010046,Al-Wasi'ah,0.1,0.010479448581482082,1.4699769024533302,srtm_derived
id_010049,Al-Maliyah,0.061,0.6632925954279864,1.1,srtm_derived
id_010050,Al-Ha'ir Bin Al-Majma'ah,1.0,0.005734154037534758,1.5018464661411906,srtm_derived
id_010051,Al-Hariq Bin Al-Washam,0.5,0.4744304506882,1.104774409017271,srtm_derived
id_010052,Namar,1.5,0.004416229723376858,1.5034270263958565,regi_multi
id_010053,Hanifah,1.4,0.004288943942605334,1.5034270263958565,regi_multi
id_010054,Al-Shamam,1.5,0.014653948672545205,1.478679176191297,srtm_derived
id_010055,Al-Nasaq,1.5,1.972639997349024e-05,2.0,srtm_derived
id_010056,Dharmah,1.5,0.0018633758406763636,1.5125416028018046,srtm_derived
id_010057,Al-Qawi'ah,1.5,0.13963386548958265,1.217915226210579,srtm_derived
id_010058,Hadijah,1.2,5.257495131513955,1.1,srtm_derived
id_010059,Al-Muzayri'ah,0.39,0.008087429250373182,1.4769080095773772,srtm_derived
id_010060,Lasad,1.5,0.0039925029478561054,1.5638405725393725,srtm_derived
id_010061,Jalajil,1.75,0.16384920964335264,1.2189023100412757,srtm_derived
id_010062,Al-Khanqah,1.9325,0.1445102193896792,1.2518901900313075,srtm_derived
id_010063,Laban,2.0,0.0446765886040234,1.32417346568872,srtm_derived
id_010064,Thadiq,2.0,0.004576132070007055,1.5034270263958565,regi_multi
id_010065,Al-Ahmar,2.39445,0.13662828104507824,1.1991301461504769,srtm_derived
id_010066,Harimilah,1.5,0.12474048251487645,1.2703995325393505,srtm_derived
id_010067,Al-Matirafi'ah,0.14,1.3886557523005063,1.1,srtm_derived
id_010068,Al-Rawdah,3.0,0.0951828913912274,1.2471046004788635,srtm_derived
id_010069,Al-Hanabij,1.5,0.0034356080339307854,1.5034270263958565,regi_multi
id_010070,Hawtat Bani Tamim,9.056604,0.019956755360720942,1.3467203889962431,srtm_derived
id_010071,Al-Ha'ir,3.8,0.005361313001006168,1.4924809073115841,srtm_derived
id_010072,Al-Hariq,6.0,0.0655274560807635,1.2552058029198756,srtm_derived
id_010073,Al-Halwah,10.0,3.044407929112805e-05,1.8408894407112064,srtm_derived
id_010074,Ghubaira,0.09,0.004776501173964487,1.5034270263958565,regi_multi
id_010075,Al-Jafnah,0.1,0.001182990364553647,1.5987634854657122,srtm_derived
id_010076,Isam,0.126,7.30433057656776e-07,2.0,srtm_derived
id_010077,Al-Ma'idhar,0.187701,0.01874119547950519,1.3933098072915393,srtm_derived
id_010078,Al-Rimah,0.2,0.012168656922425955,1.424022362239458,srtm_derived
id_010079,Al-Buq,0.221459,1.8630146810414926e-05,2.0,srtm_derived
id_010080,Al-Tamriyah,0.241922,0.0009349635214978047,1.696806363913888,srtm_derived
id_010081,Hajilah,0.197,0.00812273443381328,1.5034270263958565,regi_multi
id_010082,Safar,0.3,0.004560297723633589,1.5034270263958565,regi_multi
id_010083,Ashirah,0.3,0.003579353009469057,1.5088546907299762,srtm_derived
id_010084,Al-Halifah,0.4,0.0037000286884036355,1.5034270263958565,regi_multi
id_010085,Al-Sadarih,0.3,0.0071211755804692295,1.5034270263958565,regi_multi
id_010086,Al-Sadirah Am Nakhlah,0.216,5.120848898503832e-05,2.0,srtm_derived
id_010087,Al-Haysiyah,0.43646,0.0013568105478583762,1.606785730538549,srtm_derived
id_010088,Sh'ib Al-Isar,0.719462,0.001874536094930096,1.5900882123095095,srtm_derived
id_010090,Al-Barah,0.6,0.006355329442151308,1.4090542460881,srtm_derived
id_010091,Al-Majma'ah,1.3,0.0021918093662591713,1.5729599964098986,srtm_derived
id_010092,Al-Safrat,0.935,0.038854059989966785,1.326547616537637,srtm_derived
id_010093,Samnan,1.5,0.18746306286694012,1.241886654946227,srtm_derived
id_010094,Al-Ghil,2.5,3.2944704825442e-05,1.8466727205376892,srtm_derived
id_010095,Al-Alab,3.0,0.6998281545421029,1.1333624348166356,srtm_derived
id_010096,Al-Mushaqar,5.5792,0.07782516255184004,1.2652207943335487,srtm_derived
id_010097,Ari'ah Al-Janubi,0.050582,0.011400093967953424,1.5034270263958565,regi_multi
id_010098,Abaraqih,0.133792,0.0034325791277981634,1.5034270263958565,regi_multi
id_010099,Jawi,0.138033,0.008904885219323326,1.5034270263958565,regi_multi
id_010100,Al-Ananiyah,0.3,0.00036627365330048936,1.7492200514838359,srtm_derived
id_010102,Al-Kalbi,0.595591,0.002208713028425566,1.5020137216553189,srtm_derived
id_010103,Khaim,0.569546,0.008092191544488392,1.5034270263958565,regi_multi
id_010104,Ba'ij,0.14003,0.010592829239870927,1.5034270263958565,regi_multi
id_010105,Ari'ah Al-Shamali,0.03774,0.012953161706404379,1.5034270263958565,regi_multi
id_010106,Ruwaighib,0.14003,0.00011315373018565377,1.9432240023310394,srtm_derived
id_010107,Malih,0.22604,0.14558808679296972,1.2252917967272403,srtm_derived
id_010108,Aba Al-Lasf,0.70033,1.0049892702372067e-06,2.0,srtm_derived
id_010110,Wadi Asimar,0.726465,0.001712664585941492,1.6061031790799172,srtm_derived
id_010112,Al-Khadar,0.265139,0.008465874045418813,1.5034270263958565,regi_multi
id_010113,Turif,0.08,0.012809032618626846,1.5034270263958565,regi_multi
id_010114,Samanan Al-Tad'imi,0.280037,0.10803428011086305,1.232790442932658,srtm_derived
id_010115,Ari'ah Al-Sharqi 1,0.064,0.007987095581082468,1.5034270263958565,regi_multi
id_010116,Ari'ah Al-Sharqi 2,0.076,0.005721515892448122,1.5034270263958565,regi_multi
id_020000,Marikh,3.65,0.03442167803361204,1.3620173274920382,srtm_derived
id_020001,Ghaya,7.13,0.010865194752413636,1.4477131310023827,srtm_derived
id_020002,Am Hablayn,4.97,3.738562620950433e-05,1.8314887613975066,srtm_derived
id_020003,Daghbaj,5.13,4.154474761359096e-05,1.846171613655536,srtm_derived
id_020004,Burayman,5.99,0.0017811147671661187,1.5248146895364458,srtm_derived
id_020005,Ghulail Al-Shamali,1.02,0.6256373887633487,1.1,srtm_derived
id_020015,Turabah,20.0,0.029912164656033653,1.3348331134102982,srtm_derived
id_020017,Al-Marwani,183.6,0.002224208200758674,1.5826105163864599,srtm_derived
id_020018,Rabigh,220.35,0.7014343027687081,1.1880693560734226,srtm_derived
id_020019,Hali,254.0,0.009151247363541252,1.4504129619558825,srtm_derived
id_020020,Al-Naqabiyah,10.0,0.008650155087451582,1.4763200418253082,srtm_derived
id_020021,Al-Lith,88.0,0.001203237882132294,1.5992083198331801,srtm_derived
id_020023,Qununa,79.2,0.002429589813390836,1.5500269961376938,srtm_derived
id_020024,Al-Manadhah,0.107,0.023419158800857334,1.5034270263958565,regi_multi
id_020025,Katnah,0.114652,0.021072613821951282,1.5034270263958565,regi_multi
id_020026,Atam,0.041,0.022451984351511963,1.5034270263958565,regi_multi
id_020027,Damah,0.083,0.012343089862058901,1.5034270263958565,regi_multi
id_020028,Ghurif Jidarah,0.04,0.02430122722096554,1.5034270263958565,regi_multi
id_020029,Dhari,0.171859,0.002711753736812954,1.562728967686377,srtm_derived
id_020030,Al-Raghiyah Riman,0.171585,0.004958877622190734,1.5034270263958565,regi_multi
id_020031,Al-Shawahitah,0.21,0.017867393924550896,1.5034270263958565,regi_multi
id_020032,Nawafilah,0.222,0.019453277447062038,1.5034270263958565,regi_multi
id_020033,Al-Atah,0.21,0.021521817654802662,1.5034270263958565,regi_multi
id_020034,Al-Marifiq,0.25,0.16460911109522403,1.3078113607544133,srtm_derived
id_020035,Al-Ramah,0.302876,0.002598524959850469,1.6190967134669507,srtm_derived
id_020036,Al-Shu'irah,0.171,0.023977278292348112,1.5034270263958565,regi_multi
id_020037,Yasib,0.2,0.0006513843876365358,1.7738621388092404,srtm_derived
id_020038,Al-Bajidi,0.499636,0.39639656725850314,1.1675030348224473,srtm_derived
id_020039,Qurad,0.37,0.0005513330348899837,1.6347625353183821,srtm_derived
id_020040,Sa'b,0.5,0.11017805834442106,1.2602378614208356,srtm_derived
id_020041,Misan,0.092512,0.023224037797799947,1.5034270263958565,regi_multi
id_020042,Ikrimah,0.5,0.03853190451689162,1.4068074778115902,srtm_derived
id_020043,Dharah,0.50991,0.0038900634373504124,1.661370770407995,srtm_derived
id_020044,Al-Ayab,0.52711,0.00013944692831472673,2.0,srtm_derived
id_020045,Al-Sab'an,0.62,0.009247844561539218,1.6021061805510652,srtm_derived
id_020046,Thumalah,0.608,0.010136576490794396,1.5034270263958565,regi_multi
id_020047,Shawan,1.0,0.0004915249737771012,1.8447801738084886,srtm_derived
id_020048,Hajar,0.76255,0.00922244964260904,1.473497479808868,srtm_derived
id_020049,Bathan,0.7732,0.022899180699514417,1.4441470281876088,srtm_derived
id_020050,Malkan,0.8,0.019858166958066012,1.4400574331989262,srtm_derived
id_020051,Nu'man,1.0,0.0009652118142342238,1.7700854547474831,srtm_derived
id_020052,Al-Qu'ur,1.060425,0.0012891142543105156,1.6796334649020501,srtm_derived
id_020053,Awathal,0.213,0.010361413795673827,1.5034270263958565,regi_multi
id_020054,Basal,1.5,0.009885107419229723,1.5034270263958565,regi_multi
id_020055,Lasab,0.21,0.025426970749106728,1.4825848236259667,srtm_derived
id_020056,Kara Al-Qawamah,1.51217,0.0005274111529558392,1.6901106243119333,srtm_derived
id_020057,Faydat Al-Musallah,3.0,0.0024705716381048974,1.5034270263958565,regi_multi
id_020058,Wadi Fatimah,20.0,0.004153290455644404,1.5034270263958565,regi_multi
id_020059,Am Al-Doum,0.134745,0.0009835236444339995,1.6746541139702054,srtm_derived
id_020060,Thariban,0.701658,3.029604172919154e-07,2.0,srtm_derived
id_020061,Wabah,0.703953,0.07321932203038292,1.3411904671068118,srtm_derived
id_020062,Shawqab,0.345489,4.362513477904284e-05,2.0,srtm_derived
id_020063,Qarn,0.709801,0.014690028512574088,1.5034270263958565,regi_multi
id_020064,Al-Janah,0.905161,0.0037331108130732988,1.6049166407264788,srtm_derived
id_020065,Al-Mahanad,2.268859,0.02935529290387181,1.326877824528797,srtm_derived
id_020066,Hawajiz Al-Dab'ah,0.04,0.013343274242879408,1.5034270263958565,regi_multi
id_020067,Amat,0.5,0.012490891735739095,1.4664900959375853,srtm_derived
id_020068,Al-Makhadah,0.57345,3.739029729522446e-05,1.922064565540581,srtm_derived
id_020069,Al-Dhiyah,0.57755,0.006011572561104398,1.5170691239325564,srtm_derived
id_020070,Al-Laqitah,0.6,0.000635911803441879,1.7079675454729695,srtm_derived
id_020071,Kalakh,2.3,0.0006956407104336325,1.6085317466531859,srtm_derived
id_020072,Liyah,10.0,0.006871923073466114,1.5034270263958565,regi_multi
id_020073,Sisad,0.5,0.028720220946378525,1.3970856388547552,srtm_derived
id_020074,Aqawam Rabigh,0.5,0.0017419294055058964,1.5034270263958565,regi_multi
id_020075,Al-Ghalah,4.4,0.008822864758577798,1.4596283543521749,srtm_derived
id_020076,Al-Shaqqah,5.66,0.07215888114036581,1.3372022299624218,srtm_derived
id_020077,Buwah,6.052785,0.008914820919588737,1.541994044305505,srtm_derived
id_030000,Al-Nahitah,0.077526,0.004709279508449927,1.5331627184186036,srtm_derived
id_030001,Abu Hanak,0.08,0.0395687454562016,1.2996857923480263,srtm_derived
id_030002,Al-Wajab,0.140804,0.003371684203918069,1.5034270263958565,regi_multi
id_030003,Abu Ghasha,0.16,0.07384865309784396,1.231904165955987,srtm_derived
id_030004,Al-Jarisiyah,0.2144,0.15784382684690126,1.1850311703453908,srtm_derived
id_030005,Shalal,0.318,0.08221063857383305,1.2693443258690082,srtm_derived
id_030006,Qaran,0.5,3.302842611661924e-05,1.9021645707464623,srtm_derived
id_030007,Al-Salahaniyah,0.5,0.08990582615001896,1.2624908184465884,srtm_derived
id_030008,Amirah,0.321215,0.007180521877791272,1.5062817356266887,srtm_derived
id_030009,Nakhala,0.428903,0.8468451397509171,1.1,srtm_derived
id_030010,Al-Shara'ih,0.88,0.00543424956762245,1.5026003194541533,srtm_derived
id_030011,Al-Farah,1.0,0.044376896892170434,1.3247065345380797,srtm_derived
id_030012,Al-Ghab,1.0,0.004089695447749388,1.5034270263958565,regi_multi
id_030014,Talal,1.204388,0.1420167109643526,1.2055584903846204,srtm_derived
id_030015,Tasha,2.0,0.0007474981194232019,1.6369781012678999,srtm_derived
id_030016,Al-Aqiq Al-A'lah,2.0,0.0007494734928314785,1.6931516782709666,srtm_derived
id_030017,Bidan,2.2,0.049798703765026126,1.268235565428983,srtm_derived
id_030018,Malal,3.0,0.0018141794571840683,1.5558517322403753,srtm_derived
id_030019,Al-Murabah,1.318125,0.003915473877013007,1.484831447353994,srtm_derived
id_030020,Rim,2.9185,0.00011414139534307752,1.7482473021639122,srtm_derived
id_030021,Wasat Al-Jazl,10.0,0.0047672584697299155,1.4786741842547872,srtm_derived
id_030022,Al-Aqul,1.0,0.05862255399795845,1.3484507021842405,srtm_derived
id_030023,Am Talhah,0.707141,0.00772548848951762,1.4750841571495261,srtm_derived
id_030024,Al-Hanaw,0.141435,0.00028697432069559807,1.8281353511360567,srtm_derived
id_030025,Ashar,0.284355,0.010466733993329681,1.5034270263958565,regi_multi
id_030026,Khalis,0.348682,0.007601047707862558,1.5034270263958565,regi_multi
id_030027,Al-Sadr,0.373593,0.011515875304465094,1.5034270263958565,regi_multi
id_030028,Ajathaliyah,0.440769,1.2570270511763018,1.1,srtm_derived
id_030029,Dhalamah,1.0,0.009131795721707567,1.4475541560244967,srtm_derived
id_030030,Bathan,0.5,0.05303843567300942,1.3119475721527663,srtm_derived
id_030031,Al-Muqarran,0.854322,0.00783074719128428,1.5034270263958565,regi_multi
id_030032,Qasibah,0.3,0.020007379864089073,1.402582889080437,srtm_derived
id_030033,Ahamir,0.848721,0.0182959880729558,1.365357920222001,srtm_derived
id_030034,Al-Tar'ah,2.0,0.10818964353767277,1.2767540555041765,srtm_derived
id_030035,Al-Far'ah,20.0,0.178015112809606,1.1963415782860065,srtm_derived
id_030036,Hadhawadha,40.0,0.002143386021426022,1.5034270263958565,regi_multi
id_030037,Qusayba' Al-Tad'imi,0.224127,0.005176570730619809,1.5034270263958565,regi_multi
id_030038,Al-Hasid,0.4,0.7650985094385154,1.1054876120568282,srtm_derived
id_030039,Al-Aqul Al-Hajari,17.0,0.003667612625124501,1.5034270263958565,regi_multi
id_040000,Aba Al-Hiyas,0.079473,0.01738264570095258,1.5034270263958565,regi_multi
id_040001,Al-Rubiqah,0.112151,0.002912110688112552,1.5034270263958565,regi_multi
id_040002,Al-Matla' Al-Aysar,0.122678,0.009703705663622931,1.5034270263958565,regi_multi
id_040003,Aba Al-Hadar,0.141034,0.008922740061958541,1.5034270263958565,regi_multi
id_040004,Aba Al-Rimah,0.101814,0.013306695273844088,1.5034270263958565,regi_multi
id_040005,Al-Matla' Al-Ayman,0.25,0.0002229536637327833,1.7773689209747907,srtm_derived
id_040006,Qatan,0.28035,0.1062739865308782,1.2285235208690324,srtm_derived
id_040008,Wadi Al-Nakhil,0.107466,0.005740386702837485,1.5034270263958565,regi_multi
id_040009,Abu Jurayfah,0.538464,0.003086284603194385,1.5034270263958565,regi_multi
id_040010,Al-Rubiq,0.5,0.03690186263732722,1.2995142271314337,srtm_derived
id_040012,Dar'ah,0.06,0.004649335905891897,1.5034270263958565,regi_multi
id_040013,Uqlat Al-Suqur,0.712,0.012644058546564044,1.3085850229171412,srtm_derived
id_040014,Al-Fawarah,1.093,0.004279150384318253,1.4281140617684993,srtm_derived
id_040015,Al-Rummah,1.5,0.0016496255239866354,1.5034270263958565,regi_multi
id_040016,Marid,1.3,0.17725803011363928,1.1474289880184874,srtm_derived
id_040017,Bada'ih Al-Hamamin,0.318616,0.0029736511580995537,1.5034270263958565,regi_multi
id_050000,Al-Dhibiyah,5.718024,0.0013142378315066793,1.5034270263958565,regi_multi
id_050001,Hafar Al-Batin,5.503925,0.0008855903623415101,1.5683915471379672,srtm_derived
id_060000,Al-Marah,0.744065,0.0010142826798946302,1.6284372343888651,srtm_derived
id_060001,Al-Hilali,0.99125,0.0032253227755721383,1.5034270263958565,regi_multi
id_060002,Al-Lawiziyah,0.623246,0.0005688564976921299,1.6750850650120153,srtm_derived
id_060003,Uwayj Al-Tal'ah,0.251651,0.0031679926551922925,1.5034270263958565,regi_multi
id_060004,Turif,0.725625,0.03194298415914224,1.326693396581356,srtm_derived
id_060005,Al-Awashaqi,0.7132,0.06957146765628144,1.31032138484814,srtm_derived
id_060006,Gharabah,4.1248,0.001540377253538602,1.5345999312237293,srtm_derived
id_060007,Aba Al-Qur,3.52,0.0004966803528712252,1.6126707455121416,srtm_derived
id_060008,Badanah,4.67875,0.0004008151308775477,1.618927138128015,srtm_derived
id_060009,Ar'ar,10.366,0.02187913815252497,1.3103711661822504,srtm_derived
id_070000,Ayash,1.0,0.008926177594680364,1.535736570197265,srtm_derived
id_070001,Ara'ir,0.963,0.02506860953239985,1.5004225023574291,srtm_derived
id_070002,Al-Gharabah,1.5,0.00015087345004203157,1.9369967563370023,srtm_derived
id_070003,Badwah,2.0,0.43490340381604,1.2611686446909058,srtm_derived
id_070004,Abha,2.13,0.004374445557006051,1.610121219876033,srtm_derived
id_070005,Al-Fawhah,3.0,0.012204701330781102,1.4872832013780675,srtm_derived
id_070006,Tandahah,4.2,4.565051656940162e-08,2.0,srtm_derived
id_070007,Atud Al-Khamis,6.24,0.0038787723321463065,1.5034270263958565,regi_multi
id_070008,Tarjis,9.7138,0.07369932900240614,1.3070498686218845,srtm_derived
id_070009,Marbah,10.0,0.0008119141966459726,1.7113703972664185,srtm_derived
id_070010,Atud,10.0,7.412239955233003e-05,1.9071220826374542,srtm_derived
id_070012,Tabalah,68.41,0.0006047637991712864,1.6494488136820413,srtm_derived
id_070013,Shihanah,0.2711,0.014262778375221854,1.4765209054394057,srtm_derived
id_070014,King Fahad,325.0,0.0018294088983976844,1.5721349375977864,srtm_derived
id_070016,Yabah,80.9133,0.008686669560332804,1.4483344562757812,srtm_derived
id_070017,Shi'b Al-Harajah,0.103108,5.192365084037466e-06,2.0,srtm_derived
id_070018,Al-Qurihah,0.026105,0.011197199260132469,1.5034270263958565,regi_multi
id_070019,Al-'Aws,0.035,0.03037022482453535,1.5034270263958565,regi_multi
id_070020,Rim,0.05,0.027936574856278092,1.5034270263958565,regi_multi
id_070021,Al-'Asim,0.06,0.022752082692612106,1.5034270263958565,regi_multi
id_070022,Al-Sawdah,0.34,0.016134307064838496,1.5034270263958565,regi_multi
id_070023,Khath'am,0.252,0.014761985063402212,1.5034270263958565,regi_multi
id_070024,Marah,0.325,0.005135840119121935,1.587843604967777,srtm_derived
id_070025,Al-Ramid,0.09,0.013192848590334256,1.5034270263958565,regi_multi
id_070026,Zahrah Bani Bashar,0.1,0.014064088269829784,1.5034270263958565,regi_multi
id_070027,Khidar,0.108,0.016749212890098713,1.5034270263958565,regi_multi
id_070028,Al-'Amal (Zahir),0.11,0.01575654065443505,1.5034270263958565,regi_multi
id_070029,Al Basam,0.0477,0.012585094698457746,1.5034270263958565,regi_multi
id_070030,Bani Qays,0.117,0.023882448441219138,1.5034270263958565,regi_multi
id_070031,Al-Mashrab,0.11117,0.007304892878068088,1.5034270263958565,regi_multi
id_070033,Al-Wuqirah,0.1,0.010864802204127343,1.5034270263958565,regi_multi
id_070034,Tha'abah,0.23,0.02264643673411769,1.5034270263958565,regi_multi
id_070035,Mahlah 'Ar'arah,0.079229,0.02185203667611843,1.5034270263958565,regi_multi
id_070036,Al-Dirham,0.0867,0.021216250378098656,1.5034270263958565,regi_multi
id_070037,Al-Batnah,0.1518,0.07477536603910741,1.3013306319501976,srtm_derived
id_070038,Ru'am,1.5,0.009062978580019863,1.5034270263958565,regi_multi
id_070039,Al-Ghilan,0.15,0.010905164738995474,1.5034270263958565,regi_multi
id_070040,Rimah,0.23,0.01744175192622551,1.5034270263958565,regi_multi
id_070041,Tulihah Al-Sharaf,0.35565,0.0041313966157275495,1.5034270263958565,regi_multi
id_070042,Al-Hadilah,0.16,0.012013301613796427,1.5034270263958565,regi_multi
id_070043,Wasanib,0.182,0.0288798177033053,1.5034270263958565,regi_multi
id_070044,Radah,0.192,0.026591740283268613,1.5034270263958565,regi_multi
id_070045,Bashut,0.2,4.785082363226493e-07,2.0,srtm_derived
id_070046,Al-Faqa'is,0.1027,0.018541768806810143,1.5034270263958565,regi_multi
id_070047,Al 'Ifah,0.0747,0.01990137691182916,1.5034270263958565,regi_multi
id_070048,Al-Khulsah,0.138,0.01856348977295446,1.5034270263958565,regi_multi
id_070049,Al-Qabdah,0.26,0.011293546264798594,1.5034270263958565,regi_multi
id_070050,Shari,0.275247,0.0032228521460352234,1.5408741676428965,srtm_derived
id_070051,Al-Harajah,0.28,0.014110466382936449,1.5034270263958565,regi_multi
id_070052,Ghadar,0.3,0.07856446302694046,1.3020953727197218,srtm_derived
id_070053,Al-'Ayinah,0.3,0.009697616549684294,1.5034270263958565,regi_multi
id_070054,Sadwan,0.264,0.03894987093701378,1.4313823176388374,srtm_derived
id_070055,As-Samkhiyah,0.090375,0.011638706033891432,1.5034270263958565,regi_multi
id_070056,Al-Maraghah,0.3,0.6636592961332655,1.108286811273267,srtm_derived
id_070057,Al-Akhdar Al-Musfir,0.33261,0.013721320011218683,1.5034270263958565,regi_multi
id_070058,Hijrat Zahir,0.35,2.9464323832145735e-06,2.0,srtm_derived
id_070059,Al-Nahrah,0.35,0.015845633537167017,1.5034270263958565,regi_multi
id_070060,Rawdan,0.35716,0.00841923280218691,1.5034270263958565,regi_multi
id_070061,Surum,0.39,0.013543147019632143,1.5034270263958565,regi_multi
id_070063,Al-'Adiyah,0.48,0.012408814739018888,1.5034270263958565,regi_multi
id_070064,Al-Hufah,0.5,0.014129737298336333,1.5034270263958565,regi_multi
id_070065,Ar-Rashid,0.5,0.007982718077791585,1.5418873545725849,srtm_derived
id_070066,Al Thabit (Al-Khir),0.5,0.00926979575144833,1.5034270263958565,regi_multi
id_070067,Al-Hajlah,0.342926,0.0076209495308469455,1.5224536969273805,srtm_derived
id_070068,Jabal Khat,0.5,0.013215388396910981,1.5034270263958565,regi_multi
id_070069,Jariyah Al-Majardah,0.6,0.007139006268676166,1.5680689339273148,srtm_derived
id_070070,Afyadh Al-Talhah,0.748,0.0011692392921049946,1.6519672568792156,srtm_derived
id_070072,Shi'b Shadad,0.074,0.01571205253952481,1.5034270263958565,regi_multi
id_070074,Surum Al-Harajah,0.12156,0.16146959741627676,1.2206755539055687,srtm_derived
id_070075,Sarabah,1.0,0.011742906815111495,1.5034270263958565,regi_multi
id_070076,Bahwan,0.12156,0.0015604936332578375,1.682296940888337,srtm_derived
id_070077,Tabab,0.09,0.01791171302695547,1.5034270263958565,regi_multi
id_070078,Anam,2.0,0.015464682687694454,1.5034270263958565,regi_multi
id_070079,Al-Musayriq,0.433,0.016902495599323556,1.412134799755591,srtm_derived
id_070080,Al-Ghurah,0.135,0.0035145684415257305,1.602216485540162,srtm_derived
id_070081,Maskah,0.411226,0.0033000272026983074,1.5566093104157492,srtm_derived
id_070082,Al-Madhah,4.25,0.0020154205961307892,1.5383461754251788,srtm_derived
id_070083,Haswah,0.02,0.029513420645223568,1.5034270263958565,regi_multi
id_070084,Subh,0.2297,0.010552926460874301,1.5034270263958565,regi_multi
id_070085,Tamniyah,0.3,0.0007185103011958507,1.7779935410752477,srtm_derived
id_070086,Al-Gha'il,0.2114,0.021654581075985283,1.5034270263958565,regi_multi
id_070087,Al-Da'fah,0.0719,0.02058388819628365,1.5034270263958565,regi_multi
id_070088,Halba,0.972976,0.0027940876513165313,1.7425693717212078,srtm_derived
id_070089,Al-Mawin,0.4,0.0007422176329102434,1.8162929143437552,srtm_derived
id_070090,Turayf,0.4553,0.00013062113953170637,1.9999856299331802,srtm_derived
id_070091,Ashran,1.5,0.002369923175676845,1.6542156826721175,srtm_derived
id_070092,Amiq Bal-Lahmar,1.062,0.17634212395202675,1.3491302406841543,srtm_derived
id_070093,Khurs,0.446675,0.009486888412010825,1.5441560123304485,srtm_derived
id_070094,Athab,1.064,0.0005618600415151297,1.6634281096166381,srtm_derived
id_070095,Al-Dahnah,0.12,0.01933505300824643,1.5034270263958565,regi_multi
id_070096,Al-Qabah,2.0,0.0005123442654603501,1.7823947798212014,srtm_derived
id_070097,Ghalabah,0.21773,6.238610953678234e-06,2.0,srtm_derived
id_070098,Dhahban,2.29,0.011031261074725624,1.4285152956260923,srtm_derived
id_070099,Al-Fid,2.5,6.03483861550608e-07,2.0,srtm_derived
id_070100,Qurdan,0.78,0.0037293456580299584,1.5352525818465614,srtm_derived
id_070101,Harjab,4.65,0.0009735658503758887,1.6702980705345298,srtm_derived
id_070102,Al-Sarwa,0.055,0.0075775863916441,1.5034270263958565,regi_multi
id_070103,Al-'Asran,0.06,0.012732904535412138,1.5034270263958565,regi_multi
id_070104,Abu Khuda'ah,0.1,0.0041106144474200934,1.5034270263958565,regi_multi
id_070105,Kutam,0.5195,0.005031455429351342,1.5900789741947765,srtm_derived
id_070106,Al-'Ayzah,0.15,0.013155967938967759,1.5034270263958565,regi_multi
id_070107,Al-Farwan,0.107,0.017675203885218104,1.5034270263958565,regi_multi
id_070108,Wadi Daf,0.25,0.00037671286897032226,1.7732682069270793,srtm_derived
id_070109,Thama,0.325,0.0073692779900088904,1.554908194267137,srtm_derived
id_070110,Al-Jawah,0.5,0.01576918888769295,1.5034270263958565,regi_multi
id_070111,Awis,0.593,7.498581924260687e-05,2.0,srtm_derived
id_070112,Yafif,0.69,0.007818871169235832,1.5034270263958565,regi_multi
id_070113,Nabah,0.75,0.01708108103159934,1.5034270263958565,regi_multi
id_070114,Khadar Al-Haymah,1.128733,0.008242959875009167,1.43797364021357,srtm_derived
id_070116,Al-Mahzamah,1.5,0.24335971171887505,1.1951468362828033,srtm_derived
id_070117,Aqdah,3.0,0.004331756860624945,1.5034270263958565,regi_multi
id_070118,AL-Thafn,0.639068,0.15864796410980436,1.2273205651708543,srtm_derived
id_070119,Al-Farhah,0.059232,0.020664108349785857,1.5034270263958565,regi_multi
id_070120,Hadhir,0.211779,0.02282232912309698,1.5034270263958565,regi_multi
id_070121,Wasat Marama,0.4,0.03181434242980407,1.4718972515876871,srtm_derived
id_080002,Daqah,1.4,1.7537727706439895e-05,1.9556739944988006,srtm_derived
id_080003,Alib,0.97206,0.004109764260384322,1.4911167214566445,srtm_derived
id_080005,Al-Ahsabah,11.0,0.0002877080694246757,1.727883496292842,srtm_derived
id_080007,Thurad,14.136,0.0019848148292449597,1.577694726657752,srtm_derived
id_080009,Al-Janabin,17.0,3.8740374255662816e-05,1.8844594440491842,srtm_derived
id_080010,Al-Aqiq,19.126142,2.4166220326092964e-05,1.8560521602684004,srtm_derived
id_080012,Ardah,68.0,0.01015379947046744,1.5038295404119504,srtm_derived
id_080015,Matuwah,0.024,0.015052297367269558,1.5034270263958565,regi_multi
id_080016,Al-Arishayn,0.037,0.020807184699146827,1.5034270263958565,regi_multi
id_080017,Al-Ritaq,0.057975,0.01197908454776773,1.5034270263958565,regi_multi
id_080018,Zaqat,0.07,2.0344244853153775e-05,2.0,srtm_derived
id_080019,Al-Qamah,0.08,0.01156890769645897,1.5034270263958565,regi_multi
id_080020,Al-Azizah,0.092762,0.019034575619574255,1.5034270263958565,regi_multi
id_080021,Dharawah,0.098,0.019135587941592817,1.5034270263958565,regi_multi
id_080022,Al-Hijah,0.1,0.014149386105447638,1.5034270263958565,regi_multi
id_080023,Ajlan,0.1,0.017010177677795522,1.5034270263958565,regi_multi
id_080024,Al-Malad,0.1,0.014571573613221533,1.5034270263958565,regi_multi
id_080025,Shahbah,0.1,0.019172890326169652,1.5034270263958565,regi_multi
id_080026,Al-Aja'idah,0.1519,0.013954044417095475,1.5034270263958565,regi_multi
id_080027,Dhark,0.1114,0.006228435559958557,1.559126548684648,srtm_derived
id_080028,Am Rijlan,0.118038,0.019410358871787742,1.5034270263958565,regi_multi
id_080029,Al-Marbah,0.12,0.018122500225915647,1.5034270263958565,regi_multi
id_080030,Al-Kharar,0.15,0.0011332666988655633,1.7358606159272223,srtm_derived
id_080031,Al-Lahijah,0.130198,0.011317116661677893,1.5034270263958565,regi_multi
id_080032,Al-Khalah,0.2,0.018652191129001933,1.5034270263958565,regi_multi
id_080033,Al-Talqiyah,0.2,0.012558307665601457,1.5034270263958565,regi_multi
id_080034,Al-Jahafin,0.2,0.012606175954440163,1.5034270263958565,regi_multi
id_080035,Al-Haliyah,0.23,0.015445947465104703,1.5034270263958565,regi_multi
id_080036,Subihah,0.3,0.0018254114454235486,1.7263528162147206,srtm_derived
id_080037,Al-Dhahin,0.32,0.016574426181978425,1.5158958173723538,srtm_derived
id_080038,Al-Muzlimat,0.4,0.01913996941624654,1.429808576511892,srtm_derived
id_080039,Al-Sadr,0.5,0.015208139319817182,1.458339279514884,srtm_derived
id_080040,Al-Mashiraf,0.6,0.0071511850958777224,1.5034270263958565,regi_multi
id_080041,Ma'shuqah,0.9057,0.005700707516168958,1.5257490815609045,srtm_derived
id_080042,Al-Marazawaq,0.75,0.005307406173114234,1.592825330995625,srtm_derived
id_080043,Jarab,0.3441,0.0025081429270454657,1.5632485871440762,srtm_derived
id_080044,Madhas,1.5,0.0202780505919043,1.4434432503920172,srtm_derived
id_080045,Bidah,2.0,0.011725690467779019,1.528862287723235,srtm_derived
id_080046,Al-Habis,0.01,0.021045867065660157,1.5034270263958565,regi_multi
id_080047,Dabdab,0.03,0.0214119393671501,1.5034270263958565,regi_multi
id_080048,Al-Milh,0.1,0.01640558968245215,1.5034270263958565,regi_multi
id_080049,Al-Afarah,0.15,0.018730126174782334,1.5034270263958565,regi_multi
id_080050,Athal,0.113,0.023505085621479963,1.5034270263958565,regi_multi
id_080051,Al-Hadim,0.31,0.002719098167463967,1.6317082227833555,srtm_derived
id_080052,Al Sarawar,0.072244,0.01917730561461943,1.5034270263958565,regi_multi
id_080053,Shada Nira,0.884446,0.000572440135588772,1.7361920107855733,srtm_derived
id_080054,Al-Madarah,0.157509,0.024872047121281313,1.5034270263958565,regi_multi
id_080055,Al-Hamirah (Al-Salasil),0.531187,0.0015416589348792266,1.7048672722051361,srtm_derived
id_080056,Al-Nusabah,0.080311,0.018106192046137348,1.5034270263958565,regi_multi
id_090000,Al-Juwi'diyah,0.109,0.008506923329550033,1.5034270263958565,regi_multi
id_090001,Aqadah,0.1,0.015474022410897369,1.5034270263958565,regi_multi
id_090002,Al-Sahwah,0.14126,0.0014896777163783495,1.634044854213145,srtm_derived
id_090003,Al-Sada'iyah,0.105728,0.006792300951897429,1.5034270263958565,regi_multi
id_090004,Al-Ratiq,0.106,0.0163505672712252,1.5034270263958565,regi_multi
id_090005,Taba,0.154383,0.00791652920643963,1.4830426199785114,srtm_derived
id_090006,Tawarin,0.12,0.012906060303862071,1.5034270263958565,regi_multi
id_090007,Al-Jahifah,0.4932,0.010952167521942044,1.5034270263958565,regi_multi
id_090008,Al-Mudih,0.107662,0.008409763613531426,1.5034270263958565,regi_multi
id_090009,Fayd,0.167467,0.006059757471413665,1.5034270263958565,regi_multi
id_090010,Aqalat Bin Jabrin,0.714614,0.009321510611996797,1.4063135291979993,srtm_derived
id_090011,Al-Salaf,0.15,0.01004199354021026,1.5034270263958565,regi_multi
id_090012,Al-Raqab,0.15975,0.004751686498426274,1.5034270263958565,regi_multi
id_090013,Saqiyat Fayd,0.18,1.306864541126758,1.1,srtm_derived
id_090015,Nuqbayn,0.23,0.3085343225907104,1.1827977047101967,srtm_derived
id_090016,Al-Sir,0.25,0.29238489437565646,1.2654947180747844,srtm_derived
id_090017,Ghamrah,0.25,8.63959862002325e-06,2.0,srtm_derived
id_090018,Samirahh,0.787228,0.068389514707505,1.2413035760327737,srtm_derived
id_090019,Al-Radafin,0.3,0.010640660407313353,1.5034270263958565,regi_multi
id_090020,Al-Hawidah,0.36,0.009782481962580076,1.411472999109596,srtm_derived
id_090021,Al-Shinan,0.446568,0.0001867287314515382,1.7385051897013923,srtm_derived
id_090022,Al-Bar,0.5,0.009631901634438078,1.4460006697510233,srtm_derived
id_090023,Al-Halifah,2.768748,0.001671692547165534,1.5034270263958565,regi_multi
id_090024,Al-Sab'an,0.630351,0.006290162281423128,1.5034270263958565,regi_multi
id_090025,Saqf,0.6,0.023420937300912402,1.3818926220599936,srtm_derived
id_090026,Watadah,0.649943,0.024747111817068197,1.3227951876012702,srtm_derived
id_090027,Al-Salimah,1.0,0.0017439339549542854,1.5604908640924213,srtm_derived
id_090028,Dalihan,1.0,0.0009614113675831931,1.6315484829061395,srtm_derived
id_090029,Bazakhah,0.349411,0.08531720457239203,1.2444918153474007,srtm_derived
id_090031,Al-Shaqiq,2.0,0.004481954111466824,1.5034270263958565,regi_multi
id_090032,Al-Wasitah,2.5,0.21991865224669085,1.1757507727040828,srtm_derived
id_090033,Al-Ha'it,3.0,0.20492605821075371,1.2414339585320626,srtm_derived
id_090034,Al-Dabiyah,1.191704,0.05278273815059317,1.2723498211778788,srtm_derived
id_090035,Wasmiya,0.1,0.012144012420082163,1.5034270263958565,regi_multi
id_090036,Al-Na'ih,0.16,0.012342926373248268,1.5034270263958565,regi_multi
id_090037,Al-Adirah,0.55087,0.029076135728317163,1.2929432608024383,srtm_derived
id_090038,Al-Rawdah,1.5,0.005357068664177796,1.5002318609727392,srtm_derived
id_090039,Al-Ghazalah,0.12,0.007156798272132896,1.5034270263958565,regi_multi
id_090040,Al-Rawd Bin Hadi,2.0,0.00237161868917833,1.5034270263958565,regi_multi
id_090041,Aqadh Al-Tad'imi,0.081232,0.01598329376779562,1.5034270263958565,regi_multi
id_090042,Mashar,0.116121,0.014921246769622684,1.5034270263958565,regi_multi
id_090043,Aba Adi,0.098449,0.01926861995195421,1.5034270263958565,regi_multi
id_090044,Qarih,0.216392,0.021522509197720533,1.5034270263958565,regi_multi
id_090045,Al-Sir Al-Tad'imi,0.746493,0.036477438835064505,1.3529789811030548,srtm_derived
id_100000,Al-Kharar,0.16755,0.0030179234127633283,1.6231952025220535,srtm_derived
id_100001,Rahib,0.102263,0.03609747098071246,1.398148662490318,srtm_derived
id_100002,Abu Al-Qazaz,0.423879,0.00025510413606900126,1.698825362414288,srtm_derived
id_100003,Al-Zarib,0.5,0.01770843544490819,1.3897253985854314,srtm_derived
id_100004,Shawaq,0.8,4.225357755987512e-06,2.0,srtm_derived
id_100005,Aynawanah,0.7,0.0010329743910580135,1.6676301156057634,srtm_derived
id_100006,Damah,0.934972,0.00044085698624173975,1.7466801745727436,srtm_derived
id_100007,Sharamah,1.0,0.12940184127330748,1.251505319003673,srtm_derived
id_100008,Samin,0.177,0.006753638333297734,1.5034270263958565,regi_multi
id_100009,Al-Nabi',1.0,8.938180805750856e-06,2.0,srtm_derived
id_100010,Al-Kar,1.003409,0.0002076901951765609,1.7161851552733025,srtm_derived
id_100011,'Afal,2.0,0.01431420424233284,1.444585078027989,srtm_derived
id_100012,Shaghab,1.743381,2.3126922012149447e-06,2.0,srtm_derived
id_100013,Al-Balitih,0.6,0.005115882844483155,1.578286580863582,srtm_derived
id_100014,Al-Fari'ah,4.643,0.11060747907458293,1.229644574557693,srtm_derived
id_100015,Wadi Al-Najad,1.047775,1.1444526272005957e-05,1.981233671672849,srtm_derived
id_100016,Tala' Al-Shamali,0.777008,0.03721078329747455,1.3273438725141231,srtm_derived
id_100017,Salim Al-Awasat,0.458187,0.0013263155015856617,1.5797047700524591,srtm_derived
id_100018,Dahkan,1.2,3.8003126713438375e-05,1.962000848377521,srtm_derived
id_100019,Damh,2.5,0.09194775919114012,1.2802285192748866,srtm_derived
id_100020,Dab'an,0.957508,0.01727194162669522,1.3673961903069785,srtm_derived
id_100021,Tila' Al-Janawabi,0.422481,0.2195715788950922,1.1871192662006127,srtm_derived
id_100022,Al-Baqar,1.8,0.004753114619902937,1.5030245123797625,srtm_derived
id_100024,Na'am,1.5,0.004868975133605191,1.5078836180248798,srtm_derived
id_100025,Al-Mawilah (Al-Sir),1.593,7.441733407993456e-05,1.9112671925567786,srtm_derived
id_110000,Al-Ma'tadal (Al-Tamariyah),0.574,0.08439550224527381,1.2248900276911316,srtm_derived
id_110002,Al-Ay'ali,1.2,0.0030374537888778926,1.4768918951186338,srtm_derived
id_110004,Al-Shawihitiyah,2.3,0.0020845928361753426,1.5034270263958565,regi_multi
id_110005,Al-Nakhalah,0.6,0.05505438275532381,1.2585236149249186,srtm_derived
id_110006,Bair,1.25,0.026519948874754225,1.3199405247917466,srtm_derived
id_110007,Hasidah Al-Gharbiyah,1.3,3.6904179016105086e-06,2.0,srtm_derived
id_110008,Sarmadah,2.2846,0.002370459164784433,1.5034270263958565,regi_multi
id_110009,Hasidah Al-Sharqiyah,2.6,0.0040006163332692215,1.4534809181476356,srtm_derived
id_110010,Al-Marir,1.194257,0.0001279576486410233,1.7843123224360264,srtm_derived
id_120000,Baish,193.644,0.0076659806491710565,1.5062367449535503,srtm_derived
id_120002,Jazan,54.2,7.649330643827611e-05,1.680830160017212,srtm_derived
id_120003,Damad,55.5,0.15181781128024383,1.2632060335073403,srtm_derived
id_120005,Qasi,15.1,0.002346547212388765,1.5034270263958565,regi_multi
id_120006,Shab Maghawarah,0.098,0.018709165695685696,1.5034270263958565,regi_multi
id_120007,Lajab (Bashimah),0.023413,0.015604197375035883,1.5034270263958565,regi_multi
id_120008,Al-Madirah,0.157,0.01812789520793432,1.4856705497847016,srtm_derived
id_120009,Amud,0.084957,0.015626104292240303,1.5034270263958565,regi_multi
id_120010,Al-Raith,0.18,0.018482273791209446,1.5034270263958565,regi_multi
id_120011,Qurah,0.985954,0.6290566533390407,1.169587673748431,srtm_derived
id_120012,Wasah,1.5,0.0014372762748667833,1.696292388952421,srtm_derived
id_120013,Wa'al,1.0168,0.025001724075778983,1.4092049160247087,srtm_derived
id_120014,Shahdan,2.5,0.002648094868912359,1.5034270263958565,regi_multi
id_120015,Am Khabarah,0.15,0.005035016767638802,1.5034270263958565,regi_multi
id_130000,Najran,86.0,0.008418481989685101,1.4671342676985801,srtm_derived
id_130002,Aratad,0.0797,0.013530431477898518,1.5034270263958565,regi_multi
id_130003,Yasan,0.233425,0.015028150887593138,1.5034270263958565,regi_multi
id_130004,Al-Salamah,0.5,0.0027558110633212345,1.7040436246106048,srtm_derived
id_130005,Al-Bayadh,0.243,7.798358859421699e-05,1.915578925061696,srtm_derived
id_130006,Al-Maghawi,0.20834,0.014604880783744126,1.5034270263958565,regi_multi
id_130007,Makish,0.288,0.009416737731740519,1.5034270263958565,regi_multi
id_130008,Khadiran,1.0,0.04485153719700914,1.395519430589267,srtm_derived
id_130009,Al-Mahjar,1.0,0.0006013013846082728,1.6950436511413616,srtm_derived
id_130010,Al-Yatim,0.3,0.00985873354082179,1.5034270263958565,regi_multi
id_130011,Makhdab,0.3437,0.008883213181436795,1.5034270263958565,regi_multi
id_130012,Thar,0.36,0.002598985612457172,1.621364630419971,srtm_derived
id_130013,Humayran,0.49183,0.03156346656167518,1.4635507059598996,srtm_derived
id_130014,Al-Ashah,0.270045,0.013590125818462726,1.483010790781087,srtm_derived
id_130015,Qatan,0.7585,3.87916391780431e-05,1.934727919380021,srtm_derived
id_130016,(Surum) Halal,0.58563,0.0102842365301868,1.5034270263958565,regi_multi
id_130017,Al-Khadarah,0.6,0.007636638400045332,1.5034270263958565,regi_multi
id_130018,Na'wan,0.532,2.277389302557389,1.1,srtm_derived
id_130019,Al-Safah,0.3663,0.010379177899985013,1.5034270263958565,regi_multi
id_130020,Tarimah,2.0735,0.00039350361258599703,1.7902956906175835,srtm_derived
id_130021,Al-Malihah,0.471,0.020867589151581743,1.4444222441295373,srtm_derived
id_130022,Akadhaba,0.25,0.011968297009177275,1.5034270263958565,regi_multi
id_130023,Al-Athibah,0.43735,0.00242326172051123,1.6751200300570366,srtm_derived
id_130024,Hadadah,0.5,2.2570604252971832e-05,2.0,srtm_derived
id_130025,Al-Haj,0.578,0.007076216320754803,1.5034270263958565,regi_multi
id_130026,Al-Sharam,0.163086,0.010739310225957517,1.5034270263958565,regi_multi
id_130027,Qurdah,0.242875,0.021116359493844526,1.4204487333592517,srtm_derived
id_130028,Matarah Al-Qaran,2.054425,0.011007822227312851,1.557471833020419,srtm_derived
