dam_id,dam_name,reason,detail,capacity_mcm,dam_height_m,spillway_height_m,dam_length_m,upstream_area_km2,construction_year,latitude,longitude,valley_width_m,valley_ratio,channel_slope,mean_catchment_slope
id_010007,Al-Anbari,placement_failed,"placement_failed: no valid flood fill after extension, upstream search (0–100 px along walk), and fallback",0.11,8.0,6.0,50.0,20.41,1982,25.195278,45.277333,764.54,127.42,0.01328,0.05302
id_010030,Bawdah,bad_fill_auto,"bad_fill_auto: Flood centroid ratio 2.58 > 2.5 (cdist=29 px, n_px=126), fill displaced",0.13,8.0,6.0,100.0,73.43,1985,25.819128,45.673748,146.7,24.45,0.003573,0.0872
id_010084,Al-Halifah,placement_failed,"placement_failed: no valid flood fill after extension, upstream search (0–100 px along walk), and fallback",0.4,12.0,10.0,110.0,17.36,1982,25.128333,45.386944,1470.64,147.06,0.0202,0.04079
id_010085,Al-Sadarih,fit_failed,Power-law fit returned NaN (n_pixels=9),0.3,4.0,4.0,150.0,10.91,1982,23.741944,45.151389,118.23,29.56,0.004826,0.1129
id_020058,Wadi Fatimah,placement_failed,"placement_failed: no valid flood fill after extension, upstream search (0–100 px along walk), and fallback",20.0,18.0,15.0,1428.0,3104.38,1984,21.725044,39.828568,624.88,41.66,0.01482,0.2247
id_020066,Hawajiz Al-Dab'ah,placement_failed,"placement_failed: no valid flood fill after extension, upstream search (0–100 px along walk), and fallback",0.04,4.0,4.0,127.0,61.45,2013,20.530856,41.144189,59.76,14.94,0.005237,0.2646
id_030013,Al-Is,fit_failed,Power-law fit returned NaN (n_pixels=582),1.0,15.0,12.0,600.0,871.29,1981,25.047778,38.098333,441.36,36.78,0.04123,0.1669
id_030036,Hadhawadha,placement_failed,"placement_failed: no valid flood fill after extension, upstream search (0–100 px along walk), and fallback",40.0,7.0,4.5,595.0,35545.97,1999,24.420556,39.980556,176.94,39.32,0.002641,0.1053
id_030039,Al-Aqul Al-Hajari,bad_fill_auto,"bad_fill_auto: Volume fraction 0.00 < 0.20 (~0.1 vs 17.0 MCM), fill too small",17.0,4.5,3.0,200.0,16.7,1950,24.31816,39.448696,265.48,88.49,0.03086,0.1389
id_040015,Al-Rummah,fit_failed,Power-law fit returned NaN (n_pixels=1117),1.5,7.0,4.0,700.0,84011.6,1977,26.199722,44.021667,439.5,109.87,0.0006475,0.04592
id_060010,Fihan,bad_fill_auto,"bad_fill_auto: Volume fraction 0.00 < 0.20 (~0.0 vs 38.1 MCM), fill too small",38.1,3.5,1.0,296.0,25261.2,2013,29.551756,43.398465,260.26,260.26,0.001293,0.03123
id_070038,Ru'am,bad_fill_auto,"bad_fill_auto: Volume fraction 0.20 < 0.20 (~0.3 vs 1.5 MCM), fill too small",1.5,16.0,13.0,57.0,66.26,1985,18.329722,42.0925,361.02,27.77,0.04991,0.2246
id_070075,Sarabah,bad_fill_auto,"bad_fill_auto: Volume fraction 0.12 < 0.20 (~0.1 vs 1.0 MCM), fill too small",1.0,18.0,15.0,170.0,6.199,1984,19.104528,42.143333,240.16,16.01,0.06057,0.1277
id_070078,Anam,bad_fill_auto,"bad_fill_auto: Volume fraction 0.17 < 0.20 (~0.3 vs 2.0 MCM), fill too small",2.0,21.0,18.0,120.0,4.086,1984,18.04985,43.227133,240.69,13.37,0.03391,0.2738
id_070115,Tahallul,bad_fill_auto,"bad_fill_auto: Volume fraction 0.14 < 0.20 (~0.2 vs 1.4 MCM), fill too small",1.4,13.5,10.5,140.0,103.07,1984,18.403611,42.4,180.43,17.18,0.05379,0.2503
id_080023,Ajlan,placement_failed,"placement_failed: no valid flood fill after extension, upstream search (0–100 px along walk), and fallback",0.1,12.0,10.0,78.0,19.26,1983,20.014617,41.45805,149.66,14.97,0.04894,0.2629
id_080026,Al-Aja'idah,placement_failed,"placement_failed: no valid flood fill after extension, upstream search (0–100 px along walk), and fallback",0.1519,8.0,10.0,120.0,4.906,2008,19.931111,41.547222,119.77,11.98,0.07175,0.1632
id_080035,Al-Haliyah,placement_failed,"placement_failed: no valid flood fill after extension, upstream search (0–100 px along walk), and fallback",0.23,6.0,3.0,162.0,4.08,1997,19.81495,41.620767,119.82,39.94,0.2804,0.4245
id_080047,Dabdab,placement_failed,"placement_failed: no valid flood fill after extension, upstream search (0–100 px along walk), and fallback",0.03,12.0,10.0,38.0,4.891,1983,20.120633,41.29275,149.6,14.96,0.04681,0.2363
id_080049,Al-Afarah,placement_failed,"placement_failed: no valid flood fill after extension, upstream search (0–100 px along walk), and fallback",0.15,8.0,5.0,60.0,6.01,2002,19.776038,41.767744,89.88,17.98,0.06075,0.3583
id_090004,Al-Ratiq,placement_failed,"placement_failed: no valid flood fill after extension, upstream search (0–100 px along walk), and fallback",0.106,12.0,9.5,40.0,10.78,2003,27.306389,41.2775,145.95,15.36,0.008165,0.218
id_090008,Al-Mudih,bad_fill_auto,"bad_fill_auto: Flood centroid ratio 2.80 > 2.5 (cdist=24 px, n_px=76), fill displaced",0.1077,5.0,3.0,340.0,7.034,2008,26.883889,42.041111,146.26,48.75,0.006064,0.1077
id_090031,Al-Shaqiq,bad_fill_auto,"bad_fill_auto: Volume fraction 0.03 < 0.20 (~0.1 vs 2.0 MCM), fill too small",2.0,6.5,4.0,310.0,530.8,2009,27.1525,40.948333,292.03,73.01,0.01128,0.1849
id_120005,Qasi,placement_failed,"placement_failed: no valid flood fill after extension, upstream search (0–100 px along walk), and fallback",15.1,25.0,22.5,1044.0,267.34,2018,17.19179,42.878304,2472.99,109.91,0.006362,0.04504
id_120014,Shahdan,placement_failed,"placement_failed: no valid flood fill after extension, upstream search (0–100 px along walk), and fallback",2.5,40.0,35.0,689.0,100.15,2017,17.454776,42.736093,12056.33,344.47,0.006041,0.05814
id_130016,(Surum) Halal,placement_failed,"placement_failed: no valid flood fill after extension, upstream search (0–100 px along walk), and fallback",0.5856,12.0,12.0,222.0,311.5,2008,17.64983,43.866401,240.88,20.07,0.02517,0.3592
