threshold_mcm,n_above,n_reliable,frac_reliable
1.0,147,132,0.898
1.5,108,96,0.8889
2.0,83,75,0.9036
2.5,63,58,0.9206
3.0,56,52,0.9286
3.5,49,46,0.9388
4.0,46,43,0.9348
4.5,42,39,0.9286
5.0,38,35,0.9211
5.5,37,34,0.9189
6.0,32,30,0.9375
6.5,29,28,0.9655
7.0,29,28,0.9655
7.5,28,27,0.9643
8.0,28,27,0.9643
8.5,28,27,0.9643
9.0,28,27,0.9643
9.5,27,26,0.963
10.0,26,25,0.9615
10.5,19,19,1.0
11.0,19,19,1.0
11.5,18,18,1.0
12.0,18,18,1.0
12.5,18,18,1.0
13.0,18,18,1.0
13.5,18,18,1.0
14.0,18,18,1.0
14.5,17,17,1.0
15.0,17,17,1.0
15.5,17,17,1.0
16.0,17,17,1.0
16.5,17,17,1.0
17.0,17,17,1.0
17.5,16,16,1.0
18.0,16,16,1.0
18.5,16,16,1.0
19.0,16,16,1.0
19.5,15,15,1.0
20.0,15,15,1.0
