water_level_m,elevation_m,area_m2_design,volume_m3_design,area_m2_integrated_dem,volume_m3_integrated_dem,capacity_loss_%
0.0,270.0,0.0,472000.0,0.0,0.0,-100.0
0.5,270.5,115000.0,598500.0,0.0,0.0,-100.0
1.0,271.0,230000.0,725000.0,0.0,0.0,-100.0
1.5,271.5,255000.0,862500.0,0.0,0.0,-100.0
2.0,272.0,280000.0,1000000.0,0.0,0.0,-100.0
2.5,272.5,305000.0,1200250.0,0.0,0.0,-100.0
3.0,273.0,330000.0,1400500.0,0.0,0.0,-100.0
3.5,273.5,355000.0,1536750.0,0.0,0.0,-100.0
4.0,274.0,380000.0,1673000.0,0.0,0.0,-100.0
4.5,274.5,410000.0,1844000.0,0.0,0.0,-100.0
5.0,275.0,440000.0,2015000.0,0.0,0.0,-100.0
5.5,275.5,460000.0,2232500.0,0.0,0.0,-100.0
6.0,276.0,480000.0,2450000.0,0.0,0.0,-100.0
6.5,276.5,505000.0,2697500.0,0.0,0.0,-100.0
7.0,277.0,530000.0,2945000.0,0.0,0.0,-100.0
7.5,277.5,560000.0,3227500.0,0.0,0.0,-100.0
8.0,278.0,590000.0,3510000.0,0.0,0.0,-100.0
8.5,278.5,619000.0,3830000.0,0.0,0.0,-100.0
9.0,279.0,648000.0,4150000.0,0.0,0.0,-100.0
9.5,279.5,674000.0,4575000.0,0.0,0.0,-100.0
10.0,280.0,700000.0,5000000.0,0.0,0.0,-100.0
10.5,280.5,735000.0,5300000.0,0.0,0.0,-100.0
11.0,281.0,770000.0,5600000.0,0.0,0.0,-100.0
11.5,281.5,810000.0,6050000.0,0.0,0.0,-100.0
12.0,282.0,850000.0,6500000.0,427.26,106.81,-100.0
12.5,282.5,885000.0,7000000.0,747.7,400.55,-99.99
13.0,283.0,920000.0,7500000.0,961.33,827.81,-99.99
13.5,283.5,960000.0,7900000.0,1281.77,1388.58,-99.98
14.0,284.0,1000000.0,8300000.0,2349.91,2296.5,-99.97
14.5,284.5,1050000.0,8800000.0,2990.79,3631.68,-99.96
15.0,285.0,1100000.0,9300000.0,3738.49,5314.0,-99.94
15.5,285.5,1155000.0,9900000.0,4379.37,7343.46,-99.93
16.0,286.0,1210000.0,10500000.0,5233.89,9746.78,-99.91
16.5,286.5,1265000.0,11125000.0,6622.47,12710.86,-99.89
17.0,287.0,1320000.0,11750000.0,8011.05,16369.24,-99.86
17.5,287.5,1380000.0,12375000.0,8865.56,20588.4,-99.83
18.0,288.0,1440000.0,13000000.0,10360.96,25395.03,-99.8
18.5,288.5,1495000.0,13825000.0,15488.03,31857.27,-99.77
19.0,289.0,1550000.0,14650000.0,27558.01,42618.78,-99.71
19.5,289.5,1625000.0,15325000.0,52552.48,62646.41,-99.59
20.0,290.0,1700000.0,16000000.0,150073.66,113302.94,-99.29
20.5,290.5,1775000.0,17000000.0,482371.98,271414.35,-98.4
21.0,291.0,1850000.0,18000000.0,677307.51,561334.22,-96.88
21.5,291.5,1935000.0,19150000.0,785830.53,927118.73,-95.16
22.0,292.0,2020000.0,20300000.0,859852.62,1338539.52,-93.41
22.5,292.5,2115000.0,21457500.0,951392.21,1791350.73,-91.65
23.0,293.0,2210000.0,22615000.0,1045495.34,2290572.61,-89.87
23.5,293.5,2295000.0,23582500.0,1115992.57,2830944.59,-88.0
24.0,294.0,2380000.0,24550000.0,1175060.71,3403707.91,-86.14
24.5,294.5,2440000.0,25675000.0,1230924.42,4005204.19,-84.4
25.0,295.0,2500000.0,26800000.0,1285720.0,4634365.3,-82.71
25.5,295.5,2595000.0,27900000.0,1340942.83,5291031.0,-81.04
26.0,296.0,2690000.0,29000000.0,1401079.11,5976536.49,-79.39
26.5,296.5,2755000.0,30250000.0,1477664.74,6696222.45,-77.86
27.0,297.0,2820000.0,31500000.0,1548161.97,7452679.13,-76.34
27.5,297.5,2885000.0,33000000.0,1615454.79,8243583.32,-75.02
28.0,298.0,2950000.0,34500000.0,1675270.62,9066264.67,-73.72
28.5,298.5,3015000.0,36000000.0,1729852.57,9917545.47,-72.45
29.0,299.0,3080000.0,37500000.0,1781443.73,10795369.55,-71.21
29.5,299.5,3150000.0,39245000.0,1836987.0,11699977.23,-70.19
30.0,300.0,3220000.0,40990000.0,1892530.28,12632356.55,-69.18
30.5,300.5,3300000.0,42495000.0,1944335.06,13591572.89,-68.02
31.0,301.0,3380000.0,44000000.0,1995071.71,14576424.58,-66.87
31.5,301.5,3470000.0,45975000.0,2047410.56,15587045.15,-66.1
32.0,302.0,3560000.0,47950000.0,2104342.42,16624983.4,-65.33
32.5,302.5,3645000.0,49875000.0,2161594.72,17691467.68,-64.53
33.0,303.0,3730000.0,51800000.0,2218099.32,18786391.19,-63.73
33.5,303.5,3820000.0,53650000.0,2273215.34,19909219.86,-62.89
34.0,304.0,3910000.0,55500000.0,2336342.41,21061609.29,-62.05
34.5,304.5,4005000.0,57250000.0,2392633.38,22243853.24,-61.15
35.0,305.0,4100000.0,59000000.0,2462169.29,23457553.91,-60.24
35.5,305.5,4185000.0,61100000.0,2536618.64,24707250.89,-59.56
36.0,306.0,4270000.0,63200000.0,2600279.78,25991475.49,-58.87
36.5,306.5,4360000.0,65600000.0,2668854.36,27308759.03,-58.37
37.0,307.0,4450000.0,68000000.0,2743837.78,28661932.06,-57.85
37.5,307.5,4550000.0,70400000.0,2812091.92,30050914.49,-57.31
38.0,308.0,4650000.0,72800000.0,2894338.69,31477522.14,-56.76
38.5,308.5,4745000.0,75360000.0,2986519.17,32947736.6,-56.28
39.0,309.0,4840000.0,77920000.0,3085749.36,34465803.74,-55.77
39.5,309.5,4930000.0,79960000.0,3168423.39,36029346.93,-54.94
40.0,310.0,5020000.0,82000000.0,3223539.41,37627337.63,-54.11
40.5,310.5,5110000.0,84575000.0,3280471.27,39253340.3,-53.59
41.0,311.0,5200000.0,87150000.0,3358125.04,40912989.37,-53.05
41.5,311.5,5290000.0,89875000.0,3411959.29,42605510.45,-52.59
42.0,312.0,5380000.0,92600000.0,3464618.59,44324654.92,-52.13
42.5,312.5,5465000.0,95200000.0,3518880.09,46070529.59,-51.61
43.0,313.0,5550000.0,97800000.0,3570684.88,47842920.84,-51.08
43.5,313.5,5645000.0,100900000.0,3625907.71,49642068.98,-50.8
44.0,314.0,5740000.0,104000000.0,3677819.31,51468000.74,-50.51
44.5,314.5,5820000.0,106750000.0,3727381.0,53319300.82,-50.05
45.0,315.0,5900000.0,109500000.0,3768504.39,55193272.16,-49.6
45.5,315.5,5990000.0,112250000.0,3809414.15,57087751.8,-49.14
46.0,316.0,6080000.0,115000000.0,3853314.7,59003434.01,-48.69
46.5,316.5,6165000.0,118450000.0,3901380.99,60942107.93,-48.55
47.0,317.0,6250000.0,121900000.0,3949767.73,62904895.11,-48.4
47.5,317.5,6325000.0,124700000.0,4004242.86,64893397.76,-47.96
48.0,318.0,6400000.0,127500000.0,4066301.79,66911033.93,-47.52
48.5,318.5,6490000.0,130750000.0,4159443.59,68967470.27,-47.25
49.0,319.0,6580000.0,134000000.0,4518872.67,71137049.34,-46.91
49.5,319.5,6665000.0,137750000.0,5140423.28,73551873.32,-46.6
50.0,320.0,6750000.0,141500000.0,5547705.02,76223905.4,-46.13
50.5,320.5,6835000.0,144725000.0,5820507.95,79065958.64,-45.37
51.0,321.0,6920000.0,147950000.0,6036592.66,82030233.8,-44.56
51.5,321.5,7015000.0,151425000.0,6223517.14,85095261.25,-43.8
52.0,322.0,7110000.0,154900000.0,6373590.8,88244538.23,-43.03
52.5,322.5,7195000.0,158450000.0,6518964.64,91467677.09,-42.27
53.0,323.0,7280000.0,162000000.0,6679826.51,94767374.87,-41.5
53.5,323.5,7380000.0,165500000.0,6819005.13,98142082.78,-40.7
54.0,324.0,7480000.0,169000000.0,6935432.38,101580692.16,-39.89
54.5,324.5,7575000.0,173000000.0,7042246.37,105075111.85,-39.26
55.0,325.0,7670000.0,177000000.0,7153439.74,108624033.38,-38.63
55.5,325.5,7770000.0,181000000.0,7263458.15,112228257.85,-38.0
56.0,326.0,7870000.0,185000000.0,7386080.61,115890642.54,-37.36
56.5,326.5,7975000.0,189322000.0,7514150.58,119615700.34,-36.82
57.0,327.0,8080000.0,193644000.0,7624596.25,123400387.05,-36.27
