dam_id,dam_name,construction_year,dam_height_m,spillway_height_m,capacity_mcm,curve_type,srtm_water_level_m,coverage_fraction,z_min,z_max,footprint_area_km2,c,b,r_squared,n_pixels,void_fraction,capped,placement_upstream_shift_m,placement_method,valley_width_m,valley_ratio,channel_slope,mean_catchment_slope,lat,lon,srtm_max_vol_mcm,vol_ratio,z_range,z_range_ratio,quality
id_010033,Al-Artawiyah,2012,10.0,8.0,0.607143,full,,1.0,633.139404296875,640.639404296875,0.26555775833067635,0.012790927601695914,1.4207893201883997,0.9991775286717975,310,0.0,True,0.0,stage_3_quality_recovery,146.3418882359863,18.292736029498286,0.0017832322346334369,0.06159466877579689,26.455253,45.299936,0.6606820035888199,1.088181867515264,7.5,0.9375,A
id_010035,Khanqat 'Arwah,2011,6.5,5.0,0.680143,full,,1.0,914.260986328125,922.260986328125,0.3863881745699247,0.37438278153878835,1.1266748285847301,0.9977525399890335,443,0.0,True,0.0,stage_1_fast_path,590.6633792632152,118.13267585264305,0.0033725920092963807,0.06495975703001022,23.968821,44.909614,0.7204438649994533,1.0592535172742399,8.0,1.6,A
id_010036,Al-Hadar,2010,10.0,8.0,1.9,full,,1.0,721.0,730.0,0.5704143290998087,6.777853135141121e-06,1.9974565730483405,0.9990362863228315,645,0.0,True,0.0,stage_1_fast_path,446.07369650006893,55.75921206250862,0.003912307704411914,0.11994937807321548,21.921389,45.934167,2.1454653680560245,1.129192298976855,9.0,1.125,A
id_010037,Al-Jufir,2011,5.5,4.0,0.575625,full,,1.0,796.5765380859375,803.0765380859375,0.3795162694598777,0.03932174108688215,1.289404291218649,0.9996381404792597,435,0.0,True,0.0,stage_1_fast_path,620.2829810859246,155.07074527148114,0.005545701564122045,0.08996010571718216,23.985878,46.247886,0.6098433847182863,1.0594456194888793,6.5,1.625,A
id_010039,Al-Rayn Bin 'Asaylan,2011,10.0,8.0,0.826156,full,,1.0,799.9636840820312,808.2369384765625,0.09614597328227803,9.391730653450996e-05,1.9101496467322283,0.9898049478189853,110,0.0,False,88.69322816932235,stage_4_river_retry,147.8220469488706,18.477755868608824,0.005734413584571262,0.18108178675174713,23.666615,45.375946,0.3362923929123316,0.40705677004383145,8.27325439453125,1.0341567993164062,B
id_010041,Salabawakh,2008,12.0,10.0,0.9312,full,,1.0,690.0654296875,701.5654296875,0.32554258725911,0.002840227657012996,1.551408782660156,0.9989614698776353,376,0.0,True,0.0,stage_1_fast_path,235.3964830117829,23.53964830117829,0.010566617588800358,0.06599410623311996,25.074095,46.336166,1.010177695969592,1.084812817836761,11.5,1.15,A
id_010042,Al-'Afaj,2013,6.0,4.0,0.963524,full,,1.0,705.5057373046875,714.0057373046875,0.5099596315112144,0.056115134648901985,1.2758498419939137,0.9997175310322864,583,0.0,True,0.0,stage_2_upstream_walk,1271.750969899857,317.93774247496424,0.003918997289544742,0.05530903860926628,23.564587,45.614631,1.0737143184905928,1.114361778731607,8.5,2.125,A
id_010044,Al-Ghat,1975,10.5,9.0,1.0,full,,1.0,713.4002075195312,727.4002075195312,0.31725261013507167,0.2411079151900733,1.2008879682743447,0.9926717078004603,369,0.0,True,0.0,stage_1_fast_path,205.2520289395211,22.805780993280123,0.006864031719625704,0.11189574748277664,25.967778,45.035278,1.0514903582525543,1.0514903582525543,14.0,1.5555555555555556,A
id_010052,Namar,1959,8.0,6.0,1.5,full,,1.0,577.7185668945312,593.988525390625,0.07996093320229433,0.29239557386419823,1.2380562006429299,0.9981103137579144,92,0.0,False,353.7742829448691,stage_4_river_retry,235.8495219632461,39.30825366054102,0.003078304045842627,0.0738973319530487,24.5745,46.686333,0.34874265703718044,0.23249510469145362,16.26995849609375,2.7116597493489585,C
id_010053,Hanifah,1960,8.0,6.0,1.4,full,,1.0,598.2442626953125,617.7442626953125,0.4586049641267753,0.1666922769804178,1.2268699847614983,0.9953823512162477,528,0.0,True,0.0,stage_2_upstream_walk,265.24360620585156,44.20726770097526,0.000733686449840679,0.13701803982257843,24.657778,46.609167,1.5419289063751096,1.1013777902679356,19.5,3.25,D
id_010057,Al-Qawi'ah,1982,9.0,7.0,1.5,full,,1.0,830.1364135742188,839.6364135742188,0.5901972380780467,0.1207507306621097,1.230134085511386,0.9978929521851255,677,0.0,True,0.0,stage_3_quality_recovery,324.785728268983,46.397961181283286,0.003929010693227333,0.11414055526256561,24.040833,45.231333,1.5530818015303403,1.0353878676868935,9.5,1.3571428571428572,A
id_010061,Jalajil,1975,12.0,10.0,1.75,full,,1.0,774.3357543945312,786.3357543945312,0.6230962574810325,0.18266561561219397,1.2105228354343727,0.9995068870807425,723,0.0,True,0.0,stage_3_quality_recovery,645.8491666688807,64.58491666688806,0.004663504716424404,0.06743820756673813,25.651115,45.420007,1.8572232847463697,1.061270448426497,12.0,1.2,A
id_010062,Al-Khanqah,2007,12.0,10.0,1.9325,full,,1.0,877.4429321289062,892.9429321289062,0.47335277184499014,0.0017387160359499402,1.5941019904141172,0.9927779776186988,543,0.0,True,0.0,stage_1_fast_path,206.674459447296,20.6674459447296,0.0009023106965707246,0.23056700825691223,24.049167,44.968611,2.0036857202315095,1.0368360777394614,15.5,1.55,A
id_010063,Laban,1959,12.0,10.0,2.0,full,,1.0,621.2794799804688,633.2794799804688,0.6237939561862554,0.035943967618231175,1.3399486167208008,0.9988612404364334,718,0.0,True,0.0,stage_1_fast_path,324.2283934392058,32.42283934392058,0.03357187005076291,0.1436384916305542,24.621139,46.605278,2.085756741384614,1.042878370692307,12.0,1.2,A
id_010064,Thadiq,1976,6.0,4.0,2.0,full,,1.0,708.0431518554688,721.9239501953125,0.45035651838311486,0.15645960974046857,1.209687095293592,0.994611900340308,521,0.0,False,0.0,stage_2_upstream_walk,352.7909564845636,88.1977391211409,0.004192091387354009,0.0779508650302887,25.276489,45.875899,1.1513913291483857,0.5756956645741929,13.88079833984375,3.4701995849609375,D
id_010065,Al-Ahmar,2008,8.0,6.0,2.39445,full,,1.0,733.581298828125,744.581298828125,1.1041334866693304,0.14140468466036463,1.1961687412664048,0.9987726798957253,1252,0.0,True,0.0,stage_3_quality_recovery,742.4182430264894,123.73637383774825,0.008635896340578049,0.08876805752515793,22.370833,46.116667,2.4514497280903123,1.0238049356179133,11.0,1.8333333333333333,A
id_010066,Harimilah,1970,6.0,5.0,1.5,full,,1.0,769.3767700195312,781.2750244140625,0.1609859333017277,0.14623164575464975,1.2555254224194912,0.9981359694006899,186,0.0,False,0.0,stage_2_upstream_walk,676.6519360516459,135.33038721032918,0.00592800111749583,0.05125674605369568,25.098889,46.080556,0.5082741361905354,0.3388494241270236,11.89825439453125,2.37965087890625,B
id_010068,Al-Rawdah,1976,14.0,12.0,3.0,full,,1.0,735.857666015625,749.857666015625,1.0991813965688308,0.10051796984212487,1.243207640746684,0.999570227931141,1275,0.0,True,0.0,stage_1_fast_path,557.8702387328099,46.48918656106749,0.0019995265441157327,0.07635089755058289,25.609444,45.510278,3.2828884377522414,1.0942961459174139,14.0,1.1666666666666667,A
id_010069,Al-Hanabij,1978,8.0,6.0,1.5,partial,1015.0022583007812,0.9994354248046875,1015.0,1019.0,0.6361905124308689,7.528634368598117e-10,2.6531488550142344,0.958880692313105,729,0.0,True,0.0,stage_1_fast_path,649.9089395079276,108.3181565846546,0.007373615759252885,0.06585952639579773,23.99162,43.332023,1.7940310643755264,1.1960207095836843,4.0,0.6666666666666666,B
id_010070,Hawtat Bani Tamim,1984,13.0,11.0,9.056604,full,,1.0,569.447265625,589.947265625,3.0076616356244212,0.022459728573152205,1.3379379651905583,0.9985719026948081,3435,0.0,True,0.0,stage_2_upstream_walk,798.9413177573529,72.63102888703207,0.018888830281229254,0.1637980043888092,23.525,46.793306,10.45020134532095,1.1538763696989456,20.5,1.8636363636363635,A
id_010071,Al-Ha'ir,1976,14.0,12.0,3.8,full,,1.0,509.29583740234375,524.2958374023438,0.9398077011656538,0.0076509385665235715,1.464129011244063,0.9995084626998896,1080,0.0,True,147.4951114354408,stage_4_river_retry,294.9902228708816,24.582518572573466,0.01952345465193918,0.06374526768922806,24.419556,46.813167,4.250671915063822,1.1185978723852164,15.0,1.25,A
id_010072,Al-Hariq,1983,10.0,8.0,6.0,full,,1.0,705.1834106445312,719.1834106445312,2.3566510817199164,0.05269451661979171,1.2708697035338816,0.9993741522810758,2695,0.0,True,0.0,stage_1_fast_path,1833.411487884741,229.17643598559263,0.0006762601309797117,0.05287890136241913,23.671156,46.426503,6.685193884878946,1.1141989808131576,14.0,1.75,A
id_010073,Al-Halwah,2001,15.0,13.0,10.0,full,,1.0,627.0,646.0,1.832493191633063,0.000160779272025888,1.7275441235435842,0.9987468356908453,2092,0.0,True,0.0,stage_1_fast_path,1302.2459674547677,100.17276672728983,0.03564709576946113,0.1765037626028061,23.451103,46.690972,10.508586375107049,1.050858637510705,19.0,1.4615384615384615,A
id_010088,Sh'ib Al-Isar,2015,9.0,7.0,0.719462,full,,1.0,634.5908203125,642.5908203125,0.25446025700895836,0.004118335732296434,1.5247429067548481,0.9977649307761267,285,0.0,True,0.0,stage_3_quality_recovery,119.52191478044362,17.07455925434909,0.002806242782483972,0.09463030099868774,20.340036,45.395295,0.7388275883330283,1.026916763266202,8.0,1.1428571428571428,A
id_010091,Al-Majma'ah,1969,8.0,6.0,1.3,full,,1.0,716.4698486328125,733.0203247070312,0.3527822454974058,0.001634642406704963,1.6022916640245144,0.9913741925737649,410,0.0,False,0.0,stage_1_fast_path,264.0000087088407,44.00000145147345,0.012045106563271837,0.08144702762365341,25.863889,45.282222,1.4061814261076473,1.0816780200828056,16.55047607421875,2.7584126790364585,A
id_010092,Al-Safrat,1977,13.0,11.0,0.935,full,,1.0,711.872314453125,728.872314453125,0.36477007235102893,0.05912252414548454,1.2945362118138828,0.9978399929044927,422,0.0,True,0.0,stage_2_upstream_walk,646.8090011190848,58.80081828355316,0.0076176556586665545,0.15194831788539886,25.275316,46.025063,0.9614111681811185,1.0282472386963835,17.0,1.5454545454545454,A
id_010094,Al-Ghil,1984,12.0,10.0,2.5,full,,1.0,702.6876831054688,713.00048828125,0.7715806091659606,7.483645801646285e-05,1.7828266392097292,0.993078536626794,876,0.0,False,0.0,stage_2_upstream_walk,148.38931437638809,14.83893143763881,0.012198983776824858,0.11529058963060379,22.600798,46.459552,2.498608782022304,0.9994435128089216,10.31280517578125,1.031280517578125,A
id_010095,Al-Alab,1974,10.0,8.0,3.0,full,,1.0,650.2864990234375,667.7864990234375,0.7254739955408033,0.6942613172557336,1.1338409849049023,0.9989903314105352,836,0.0,True,0.0,stage_3_quality_recovery,324.04137875287415,40.50517234410927,0.00779783749884756,0.09561455994844437,24.774639,46.530889,3.0778407819190723,1.0259469273063575,17.5,2.1875,A
id_010096,Al-Mushaqar,2008,15.0,13.0,5.5792,full,,1.0,719.8338623046875,736.3338623046875,1.6770063285337005,0.08331923281907987,1.260289725869588,0.9997143513219937,1949,0.0,True,0.0,stage_1_fast_path,528.0000167359127,40.61538590276252,0.012041777024254975,0.08151458948850632,25.863889,45.282222,5.82994170291436,1.0449422323835604,16.5,1.2692307692307692,A
id_010102,Al-Kalbi,2011,7.0,3.5,0.595591,full,,1.0,723.6856689453125,729.1856689453125,0.39470116741424166,0.004591713128601728,1.4556566338002166,0.9994867249509986,459,0.0,True,0.0,stage_1_fast_path,615.8105960932646,175.9458845980756,0.0009553381767115903,0.04628176614642143,25.946111,45.253889,0.6389171402805699,1.0727447867421938,5.5,1.5714285714285714,A
id_010103,Khaim,2018,7.0,4.0,0.569546,full,,1.0,919.1248779296875,925.0055541992188,0.12487527259330358,0.0005946976720561724,1.6796758329497254,0.9963344884546765,142,0.0,False,0.0,stage_3_quality_recovery,88.96420602184176,22.24105150546044,0.0009466663794538217,0.13243916630744934,22.753504,44.918774,0.22314859451092098,0.39180082822269136,5.88067626953125,1.4701690673828125,B
id_010110,Wadi Asimar,2017,12.0,9.0,0.726465,full,,1.0,648.3804931640625,657.8804931640625,0.24165874623153671,0.003123057512585677,1.5581137876346567,0.9977646738666168,271,0.0,True,0.0,stage_3_quality_recovery,179.1710603643514,19.907895596039044,0.01258755341927568,0.08097200095653534,20.55081,45.439544,0.7601995614848156,1.046436595685705,9.5,1.0555555555555556,A
id_020015,Turabah,1981,20.0,16.0,20.0,full,,1.0,1190.6895751953125,1219.8912353515625,3.4870090905336966,0.02176313622528476,1.3570361586191286,0.9962163557273889,3915,0.0,False,0.0,stage_2_upstream_walk,507.3522351024059,31.70951469390037,0.007134054592672206,0.07054363936185837,21.013245,41.504203,17.74678317468299,0.8873391587341495,29.20166015625,1.825103759765625,A
id_020017,Al-Marwani,2009,61.0,53.35,183.6,full,,1.0,177.95822143554688,232.1367431640625,7.971608533856916,0.0021229712133363156,1.5804050960052085,0.9983786816291024,9030,0.0,False,0.0,stage_3_quality_recovery,564.5196481820525,10.581436704443345,0.03471223069081623,0.17405451834201813,22.17922,39.570881,171.0808271008786,0.9318127837738486,54.17852172851562,1.0155299293067594,A
id_020018,Rabigh,2008,60.0,50.5,220.35,full,,1.0,111.30220031738281,168.7603530883789,11.81340511235856,0.7016271624106379,1.1878918627600186,0.9980491337968874,13439,0.0,False,0.0,stage_1_fast_path,385.4316941966903,7.632310776172084,0.007795312711470938,0.12673377990722656,22.821667,39.375833,172.88982991303206,0.7846146127208171,57.458152770996094,1.1377852033860614,A
id_020019,Hali,2009,87.0,47.0,254.0,full,,1.0,73.18768310546875,119.9498519897461,14.619766016854147,0.008691722028256195,1.4536509181625397,0.9997453581391771,16199,0.0,False,0.0,stage_2_upstream_walk,390.54354186568025,8.30943706097192,0.015427267754588074,0.18545660376548767,18.7675,41.575,230.40323452631148,0.9070993485287854,46.762168884277344,0.9949397634952626,A
id_020020,Al-Naqabiyah,1989,20.0,18.0,10.0,full,,1.0,968.1435546875,989.1435546875,1.4306833014192533,0.004644789851926447,1.5219737791337486,0.9958951269286083,1607,0.0,True,0.0,stage_5_relaxed_alignment,745.9398766364061,41.44110425757812,0.000833608640094109,0.042433660477399826,21.068958,42.575023,10.114049561775625,1.0114049561775624,21.0,1.1666666666666667,A
id_020023,Qununa,2015,46.0,38.0,79.2,full,,1.0,211.41534423828125,248.8406982421875,5.90152066046643,0.002531042886096309,1.5473166098615425,0.9996707370212209,6557,0.0,False,0.0,stage_1_fast_path,330.0061695959564,8.684372884104116,0.040908078246772506,0.22724701464176178,19.255286,41.559011,75.70588067634641,0.9558823317720506,37.42535400390625,0.9848777369449013,A
id_020043,Dharah,2012,24.0,20.0,0.50991,full,,1.0,1869.730712890625,1885.730712890625,0.07929340962718875,0.004022868305112927,1.6586377413897426,0.9936215597498045,89,0.0,True,0.0,stage_3_quality_recovery,149.2428546717016,7.46214273358508,0.009775959651983482,0.40070250630378723,20.8425,40.856667,0.5283257517856509,1.0361156905839284,16.0,0.8,A
id_020044,Al-Ayab,2009,23.0,19.0,0.52711,full,,1.0,1010.8629760742188,1030.3629760742188,0.05728609963352056,8.855271272187973e-05,2.050061514059904,0.9787123317305687,65,0.0,True,0.0,stage_1_fast_path,148.43555922912054,7.812397854164239,0.02402613907965952,0.2263151854276657,22.464327,40.04881,0.5279134412381357,1.001524238276898,19.5,1.0263157894736843,B
id_020045,Al-Sab'an,2014,21.0,17.5,0.62,full,,1.0,689.2871704101562,710.8004760742188,0.07318531558919907,0.005892325970557694,1.6437593604834813,0.9921328268942744,83,0.0,False,0.0,stage_1_fast_path,207.86002194105143,11.877715539488653,0.03145924591097059,0.23320022225379944,22.382778,39.956944,0.6419145752883966,1.0353460891748332,21.5133056640625,1.2293317522321427,A
id_020047,Shawan,2010,19.0,16.0,1.0,full,,1.0,892.4977416992188,912.4376220703125,0.10133808972834168,0.0004915249737771012,1.8447801738084886,0.995804183226802,115,0.0,False,0.0,stage_1_fast_path,178.1101571749129,11.131884823432056,0.05071624218751718,0.22668664157390594,22.483405,40.01693,0.8697451701032457,0.8697451701032457,19.93988037109375,1.2462425231933594,A
id_020048,Hajar,2012,11.0,9.0,0.76255,full,,1.0,642.6268920898438,651.6268920898438,0.24682965760080244,0.006047688970365391,1.5096935644861145,0.9888100154082763,281,0.0,True,0.0,stage_1_fast_path,503.8420749251518,55.98245276946131,0.016338688280999422,0.23339150846004486,22.949638,39.774944,0.7931928142830058,1.0401846623605087,9.0,1.0,B
id_020050,Malkan,2007,12.0,9.0,0.8,full,,1.0,395.7696533203125,409.4328308105469,0.1777402128704145,0.012701894515203704,1.4786918103729993,0.9980492047509496,200,0.0,False,0.0,stage_1_fast_path,268.2998065830795,29.811089620342166,0.07830888733286831,0.1802593171596527,21.149047,40.034856,0.7716146991236869,0.9645183739046085,13.663177490234375,1.5181308322482638,A
id_020051,Nu'man,2005,18.0,14.0,1.0,full,,1.0,854.2523803710938,865.2701416015625,0.06395164282420929,0.0006432798705300371,1.8076246882584655,0.9942987419259244,72,0.0,False,0.0,stage_1_fast_path,268.22676633258556,19.159054738041824,0.014549353097398748,0.3638017177581787,21.254992,40.217047,0.33685639640390797,0.33685639640390797,11.01776123046875,0.7869829450334821,B
id_020052,Al-Qu'ur,2009,21.0,18.0,1.060425,full,,1.0,1132.58447265625,1146.58447265625,0.20289451844241477,0.0008211536200686977,1.7172694973140283,0.993573600091693,230,0.0,True,0.0,stage_1_fast_path,178.20606860216301,9.900337144564611,0.04023060898353581,0.12989068031311035,22.321667,40.062778,1.1183457641537884,1.0546203306728796,14.0,0.7777777777777778,A
id_020054,Basal,1987,15.0,12.0,1.5,full,,1.0,1516.0965576171875,1533.3125,0.03911730509977955,0.0003627948813836147,1.9482121482347914,0.9895685931418785,44,0.0,False,0.0,stage_2_upstream_walk,149.0830021631093,12.423583513592442,0.019435643179758523,0.1708926111459732,21.168411,40.703213,0.32605162830327616,0.2173677522021841,17.2159423828125,1.434661865234375,C
id_020056,Kara Al-Qawamah,2008,13.0,10.0,1.51217,full,,1.0,1294.6009521484375,1304.830078125,0.30967747342519364,0.001184445273690786,1.6273461719734141,0.9979188418972456,347,0.0,False,0.0,stage_3_quality_recovery,179.2426353159473,17.92426353159473,0.00780767205347676,0.04907927289605141,20.733056,41.695278,1.0682534169739386,0.7064373826844459,10.2291259765625,1.02291259765625,A
id_020057,Faydat Al-Musallah,2003,8.0,5.0,3.0,full,,1.0,901.9650268554688,917.9650268554688,1.775711354083396,3.5730460708682714,0.9487850294514708,0.9996956837187453,2014,0.0,True,0.0,stage_2_upstream_walk,326.62478575174583,65.32495715034916,0.0017499091313721536,0.05341305956244469,22.478472,40.733306,3.0728887769707827,1.0242962589902609,16.0,3.2,D
id_020058,Wadi Fatimah,1984,18.0,15.0,20.0,full,,1.0,268.057373046875,296.4992370605469,2.138383603709279,4.101843139826033e-06,1.994701875581354,0.9995358727301278,2415,0.0,False,0.0,stage_2_upstream_walk,624.8771352973155,41.6584756864877,0.014824015093958889,0.2246866375207901,21.725044,39.828568,17.36252376535544,0.868126188267772,28.441864013671875,1.896124267578125,A
id_020060,Thariban,2014,20.5,17.5,0.701658,full,,1.0,671.1839599609375,685.6839599609375,0.09982941139953051,3.3231495492705216e-07,2.4621957476360103,0.9905922695102706,111,0.0,True,0.0,stage_2_upstream_walk,149.9469961905237,8.56839978231564,0.053514602521119906,0.23658499121665955,19.459628,41.84271,0.7167931611299623,1.0215705673276188,14.5,0.8285714285714286,A
id_020061,Wabah,2013,18.0,14.0,0.703953,full,,1.0,442.09765625,455.59765625,0.16150324435973726,0.06859804389946857,1.3460603212047617,0.9981281181067435,183,0.0,True,0.0,stage_1_fast_path,118.82971951116737,8.487837107940527,0.029769981097805293,0.259878009557724,22.238312,39.849221,0.710879034599827,1.0098387741792805,13.5,0.9642857142857143,A
id_020063,Qarn,1987,23.0,20.0,0.709801,full,,1.0,1268.19921875,1281.04052734375,0.02748077942807222,0.001704347995390136,1.7982832827782362,0.9894181966106819,31,0.0,False,238.19007613171664,stage_4_river_retry,178.64255709878748,8.932127854939374,0.02955643149650225,0.28179362416267395,21.589811,40.400072,0.16133876954545628,0.227301412009079,12.84130859375,0.6420654296875,C
id_020064,Al-Janah,2008,18.0,15.0,0.905161,full,,1.0,611.6080322265625,623.784912109375,0.1373853654030769,0.003414702497924528,1.6132895590022283,0.9943200840012302,153,0.0,False,0.0,stage_1_fast_path,179.7942388680342,11.98628259120228,0.026132211031466995,0.31012845039367676,19.695113,41.69139,0.7134161621748012,0.7881649365966952,12.1768798828125,0.8117919921875,A
id_020065,Al-Mahanad,2013,15.0,12.0,2.268859,full,,1.0,1178.74853515625,1188.24853515625,0.9405251426556954,0.038911014899975234,1.3053111233660761,0.9997279657129742,1056,0.0,True,0.0,stage_1_fast_path,298.43739868405316,24.869783223671096,0.0007551190509414434,0.06709102541208267,21.041851,41.608105,2.438373777751544,1.0747136678619271,9.5,0.7916666666666666,A
id_020071,Kalakh,1983,10.0,7.0,2.3,full,,1.0,1415.5784912109375,1425.12109375,0.7943867511922593,0.0005042674711214889,1.630292801935198,0.9913149243492964,894,0.0,False,0.0,stage_2_upstream_walk,357.7078597734744,51.10112282478206,0.0009119270468279312,0.04569169878959656,21.262717,40.782789,2.3145177742371787,1.0063120757552952,9.5426025390625,1.3632289341517858,A
id_020075,Al-Ghalah,2018,14.0,12.0,4.4,full,,1.0,66.86892700195312,81.36892700195312,1.0571896004472554,0.0006612748719702474,1.6361676395600955,0.9980813854061529,1184,0.0,True,0.0,stage_3_quality_recovery,448.22063757691757,37.351719798076466,0.005431679564450632,0.15900567173957825,20.394117,40.254865,4.84106226032509,1.1002414228011568,14.5,1.2083333333333333,A
id_020076,Al-Shaqqah,2018,24.0,22.0,5.66,full,,1.0,171.2301025390625,196.2301025390625,0.8471570017186685,0.0834152779774323,1.3261487586205019,0.9990065252301308,947,0.0,True,0.0,stage_3_quality_recovery,269.1841425042077,12.23564284110035,0.09289457555409447,0.4164234399795532,20.160673,40.838555,5.886712407402005,1.0400551956540645,25.0,1.1363636363636365,A
id_030010,Al-Shara'ih,1980,8.0,5.7,0.88,full,,1.0,619.0084228515625,627.0997192382813,0.16000699754329575,0.004408743320915785,1.536158609360604,0.9918249764534874,184,0.0,False,0.0,stage_1_fast_path,412.84650478538714,72.42921136585738,0.0007076208064930467,0.050271373242139816,24.411667,39.636667,0.47241196421410553,0.536831777516029,8.091296386718795,1.4195256818804904,A
id_030011,Al-Farah,2009,13.0,10.0,1.0,full,,1.0,591.3432006835938,602.3432006835938,0.36093145903862284,0.012467775837082364,1.4306250972234074,0.9988771521393195,412,0.0,True,0.0,stage_1_fast_path,266.38285546329325,26.638285546329325,0.04242249342868086,0.2841835618019104,23.343056,39.662778,1.1114849239205167,1.1114849239205167,11.0,1.1,A
id_030014,Talal,2013,7.5,4.5,1.204388,full,,1.0,890.9779052734375,899.4779052734375,0.6159626778310726,0.16502871362275742,1.1952143615876605,0.9983533827834798,708,0.0,True,0.0,stage_2_upstream_walk,265.46243870278425,58.99165304506317,0.004879760764670793,0.07618937641382217,24.645833,41.961389,1.3400233256063694,1.1126176328611455,8.5,1.8888888888888888,A
id_030015,Tasha,2011,8.0,4.5,2.0,full,,1.0,267.5981750488281,279.0225524902344,0.5640484002758483,0.00347918926503344,1.516766297046103,0.994665459104624,647,0.0,False,0.0,stage_1_fast_path,472.4175557075284,104.98167904611742,0.029093783727697,0.20308616757392883,24.038056,38.898056,1.9650156015792306,0.9825078007896153,11.42437744140625,2.5387505425347223,A
id_030016,Al-Aqiq Al-A'lah,2010,19.0,16.0,2.0,full,,1.0,824.2654418945312,839.7654418945312,0.3638664230295659,0.0010097411762725523,1.6691558098457357,0.9971924215806715,417,0.0,True,0.0,stage_1_fast_path,236.31590384951147,14.769743990594467,0.008165987061499605,0.09801074117422104,23.924722,39.697222,2.034859708644959,1.0174298543224796,15.5,0.96875,A
id_030017,Bidan,1998,9.0,7.0,2.2,full,,1.0,930.8751220703125,942.3751220703125,1.0856519133956257,0.06961290140066521,1.2431559382859936,0.9988717641899209,1237,0.0,True,0.0,stage_2_upstream_walk,1007.254852468639,143.89355035266271,0.005541709794155807,0.06191232427954674,23.139667,40.486167,2.2674064011783344,1.030639273262879,11.5,1.6428571428571428,A
id_030018,Malal,2002,9.0,6.0,3.0,full,,1.0,680.4939575195312,690.4637451171875,0.6245059610187987,0.0024659529619419068,1.532395966322767,0.9988243285410894,718,0.0,False,0.0,stage_3_quality_recovery,412.88975569960274,68.81495928326713,0.005933124639216905,0.16301536560058594,24.370222,39.289222,1.923747993430819,0.6412493311436064,9.96978759765625,1.6616312662760417,A
id_030019,Al-Murabah,2008,8.0,5.0,1.318125,full,,1.0,412.1027526855469,420.6027526855469,0.5745285890549061,0.004773492169701147,1.4698336278514816,0.999479125170661,665,0.0,True,0.0,stage_2_upstream_walk,235.14458741750866,47.02891748350173,0.02597589132757628,0.23551319539546967,25.322222,38.350278,1.4121307952033746,1.071317815232527,8.5,1.7,A
id_030020,Rim,2009,10.0,7.0,2.9185,full,,1.0,734.1292114257812,746.1292114257812,0.973703111713454,0.000170987786475022,1.7120971260559386,0.9955705624388751,1117,0.0,True,0.0,stage_2_upstream_walk,1151.4664788215694,164.49521126022418,0.0064178723981503415,0.13857394456863403,24.062398,39.571199,3.2065952519587655,1.0987134664926386,12.0,1.7142857142857142,A
id_030021,Wasat Al-Jazl,2013,16.0,10.0,10.0,full,,1.0,673.1919555664062,690.9884643554688,1.2837127851369987,0.009733921794991756,1.4358848716787482,0.9940161410637924,1499,0.0,False,0.0,stage_2_upstream_walk,556.0044542623789,55.60044542623789,0.02057265413203344,0.31428804993629456,26.558889,37.618056,6.198902598541805,0.6198902598541804,17.7965087890625,1.77965087890625,A
id_030022,Al-Aqul,1978,11.0,7.0,1.0,full,,1.0,616.1314086914062,628.38720703125,0.13642553226747475,0.09504165815899762,1.30910290033753,0.9969024108430827,157,0.0,False,0.0,stage_2_upstream_walk,412.6919883225712,58.95599833179589,0.008948233644136513,0.05402214080095291,24.522222,39.728056,0.5274541279385807,0.5274541279385807,12.25579833984375,1.7508283342633928,A
id_030023,Am Talhah,2018,9.0,6.0,0.707141,full,,1.0,923.645263671875,932.4728393554688,0.217217908119322,0.005815493689269197,1.5009128621087522,0.9921516259330957,253,0.0,False,0.0,stage_1_fast_path,322.31479274504983,53.71913212417497,0.004695088030486943,0.23824673891067505,26.154342,38.849117,0.6400630454662235,0.9051420373959698,8.82757568359375,1.4712626139322917,A
id_030029,Dhalamah,2010,8.5,6.0,1.0,full,,1.0,1043.204833984375,1051.704833984375,0.3757786272205929,0.00605529453686138,1.4812261831392932,0.9983341145510337,430,0.0,True,0.0,stage_3_quality_recovery,325.18050047982024,54.19675007997004,0.030245180321477563,0.37072309851646423,23.698611,39.567778,1.1253695981472522,1.1253695981472522,8.5,1.4166666666666667,A
id_030031,Al-Muqarran,2014,10.0,7.0,0.854322,full,,1.0,878.2833251953125,886.6316528320312,0.047655418929238934,3.501330473679286e-05,2.0586576703528205,0.9897292789482435,55,0.0,False,0.0,stage_1_fast_path,88.3071880491514,12.615312578450201,0.02528522558452179,0.16308891773223877,24.99,40.545556,0.15682965138531357,0.18357206227314007,8.34832763671875,1.1926182338169642,C
id_030033,Ahamir,2014,12.0,9.0,0.848721,full,,1.0,990.6314697265625,999.6314697265625,0.4522639279431935,0.012771910913043876,1.3853548289155702,0.9994841276051996,523,0.0,True,0.0,stage_2_upstream_walk,1293.8913431334206,143.7657047926023,0.008963651117542822,0.08149218559265137,25.250678,40.421228,0.8829091212810718,1.0402819316136538,9.0,1.0,A
id_030034,Al-Tar'ah,1978,12.0,10.0,2.0,full,,1.0,351.4316101074219,370.9316101074219,0.4882797576151503,0.11754879952723263,1.2692087128509921,0.9986700224914138,560,0.0,True,0.0,stage_2_upstream_walk,442.926439925027,44.292643992502704,0.016035142782689134,0.25395840406417847,24.015,39.049722,2.0196035510287356,1.0098017755143678,19.5,1.95,A
id_030035,Al-Far'ah,1983,18.5,13.5,20.0,full,,1.0,180.56040954589844,203.50027465820312,5.346119350982134,0.1568203615421241,1.2048346926107683,0.9974980961868022,6151,0.0,False,0.0,stage_1_fast_path,442.2193282918612,32.756987280878604,0.011078641083876161,0.13874761760234833,24.480833,38.493333,21.204564104358827,1.0602282052179413,22.939865112304688,1.699249267578125,A
id_030036,Hadhawadha,1999,7.0,4.5,40.0,full,,1.0,726.8329467773438,743.8329467773438,22.7853975704172,0.36884933359615374,1.0991280867856377,0.9991289196443438,26200,0.0,True,0.0,stage_1_fast_path,176.9411762924301,39.3202613983178,0.0026409562768463105,0.10530710220336914,24.420556,39.980556,46.00541355441516,1.150135338860379,17.0,3.7777777777777777,D
id_040009,Abu Jurayfah,2012,5.5,2.0,0.538464,full,,1.0,835.7017822265625,842.7017822265625,0.339461308251998,0.06670165946352269,1.2524965505494479,0.9979784122722348,395,0.0,True,0.0,stage_3_quality_recovery,293.1545184870371,146.57725924351854,0.00424956903419116,0.04534834250807762,26.194917,42.728295,0.5779436197454902,1.0733189586406708,7.0,3.5,D
id_040013,Uqlat Al-Suqur,2007,4.5,3.375,0.712,full,,1.0,786.1738891601562,789.6738891601562,0.9399228653058886,0.003932340865819257,1.3947696838056458,0.9959222378434075,1090,0.0,True,0.0,stage_1_fast_path,763.4950159632454,226.22074547059123,0.0019724484105785737,0.026935148984193802,25.848561,42.106525,0.8582185611887024,1.2053631477369418,3.5,1.037037037037037,A
id_040014,Al-Fawarah,2007,5.0,3.75,1.093,full,,1.0,901.424072265625,908.424072265625,0.8894326471512226,0.016359689812166622,1.3351397073151001,0.9992431267251257,1035,0.0,True,0.0,stage_2_upstream_walk,791.4985479909175,211.06627946424467,0.0025149173490022214,0.03930063173174858,26.241667,42.470833,1.4385606293054558,1.3161579408101152,7.0,1.8666666666666667,A
id_040015,Al-Rummah,1977,7.0,4.0,1.5,partial,617.0585327148438,0.07870718149038461,611.0701293945312,617.5701293945312,0.9932553851666617,,,,1157,0.0,True,0.0,stage_1_fast_path,439.49611839401314,109.87402959850328,0.0006474673732880911,0.045919694006443024,26.199722,44.021667,1.6757428797280238,1.1171619198186826,6.5,1.625,F
id_040016,Marid,1976,7.0,4.0,1.3,partial,539.0993041992188,0.0,530.2657470703125,536.7657470703125,1.5114327155414142,,,,1769,0.0,True,0.0,stage_1_fast_path,409.22158057046374,102.30539514261594,0.000976620173878417,0.03578612208366394,26.815422,44.209038,1.8420853220504738,1.4169887092695952,6.5,1.625,F
id_050000,Al-Dhibiyah,2018,6.0,4.0,5.718024,full,,1.0,346.63922119140625,359.13922119140625,2.905453204235975,0.00796341059725184,1.378426358341021,0.9982115238999908,3435,0.0,True,0.0,stage_1_fast_path,901.5820688445076,225.3955172111269,0.0013104981150894469,0.041121192276477814,28.094558,45.650503,6.615721175234841,1.1569942999950404,12.5,3.125,D
id_050001,Hafar Al-Batin,2013,11.5,8.5,5.503925,full,,1.0,362.5666809082031,378.0666809082031,1.2957773691747807,0.0007298884893992816,1.617233026452633,0.9986265623093815,1531,0.0,True,0.0,stage_1_fast_path,378.1995017049009,44.49405902410599,0.0025319640887244313,0.04553249478340149,28.012222,45.507222,5.750593948307021,1.0448169167107149,15.5,1.8235294117647058,A
id_060000,Al-Marah,2008,5.5,3.0,0.744065,full,,1.0,742.381591796875,746.6315307617188,0.24140046844061594,0.0003836674373172492,1.6678474976894393,0.9859768072005202,294,0.0,False,0.0,stage_2_upstream_walk,143.27334266268605,47.757780887562014,0.002821407430539643,0.028733933344483376,31.6375,40.146944,0.3918652162016461,0.5266545479247728,4.24993896484375,1.4166463216145833,B
id_060004,Turif,2008,8.0,5.0,0.725625,full,,1.0,770.9075927734375,778.4075927734375,0.408077817684104,0.0051014597351585,1.4683044387352957,0.9981341188242213,497,0.0,True,0.0,stage_1_fast_path,372.50889875969153,74.5017797519383,0.007498327375151689,0.05086277052760124,31.611389,38.521111,0.8958006017975001,1.2345227931748495,7.5,1.5,A
id_060005,Al-Awashaqi,2008,6.0,4.0,0.7132,full,,1.0,574.6009521484375,585.030517578125,0.233989193508741,0.12887403552576726,1.257697306414879,0.9988681120259846,283,0.0,False,0.0,stage_1_fast_path,345.0530960589313,86.26327401473283,0.005595293118405316,0.07312572002410889,30.900428,40.854141,0.7160234684755115,1.003958873353213,10.4295654296875,2.607391357421875,A
id_060006,Gharabah,2014,6.5,4.0,4.1248,full,,1.0,575.3403930664062,585.9139404296875,1.3347293154457083,0.0006528372637936112,1.5972326135339343,0.9884073840064541,1614,0.0,False,0.0,stage_3_quality_recovery,230.05666586651898,57.514166466629746,0.001221145277663152,0.0638318583369255,30.877363,40.835401,4.442688701922681,1.0770676643528612,10.57354736328125,2.6433868408203125,B
id_060007,Aba Al-Qur,2008,8.0,5.0,3.52,full,,1.0,456.8333740234375,467.8333740234375,1.3666334957028856,0.00031540181830066593,1.6459404778617626,0.9973363270378162,1650,0.0,True,0.0,stage_3_quality_recovery,345.354647213921,69.0709294427842,0.004500424151460173,0.03833633288741112,30.769641,41.47753,4.100107552789825,1.164803282042564,11.0,2.2,A
id_060008,Badanah,2008,9.0,6.0,4.67875,full,,1.0,581.4171752929688,587.3214721679688,0.929943015901199,0.0007886038946631463,1.5675990368847017,0.9962706351397307,1126,0.0,False,0.0,stage_1_fast_path,660.9777026921915,110.1629504486986,0.0009473425508500555,0.05022142082452774,31.03,40.850833,1.865460734606424,0.39870921391534575,5.904296875,0.9840494791666666,B
id_060009,Ar'ar,2006,9.0,7.0,10.366,full,,1.0,607.330322265625,619.830322265625,4.353512783395466,0.023330385913784002,1.3059619279038726,0.9993111195511479,5262,0.0,True,0.0,stage_1_fast_path,1697.0572826402918,242.43675466289884,0.006614231810032665,0.04455707594752312,30.811944,40.696389,11.125574834001268,1.0732755965658178,12.5,1.7857142857142858,A
id_070002,Al-Gharabah,2004,25.0,21.0,1.5,full,,1.0,2122.501708984375,2149.001708984375,0.16787451912071247,0.040456953694956936,1.449452897397362,0.9962324360018948,186,0.0,True,0.0,stage_3_quality_recovery,150.2124477255752,7.152973701217867,0.056724770759608314,0.4155464470386505,18.790556,42.305556,1.5431368767023559,1.0287579178015707,26.5,1.2619047619047619,A
id_070004,Abha,1974,25.5,22.5,2.13,full,,1.0,2259.53369140625,2279.03369140625,0.2462062596365598,0.00459670233530263,1.605859265004475,0.9964941538763246,272,0.0,True,0.0,stage_5_relaxed_alignment,1534.388268260222,68.19503414489876,0.010530338518828206,0.24133899807929993,18.209935,42.488654,2.157699159590623,1.013004300277288,19.5,0.8666666666666667,A
id_070005,Al-Fawhah,2009,24.0,20.0,3.0,full,,1.0,1748.1854248046875,1768.6854248046875,0.44634171460237115,0.020974529447006264,1.445457881809227,0.9996439836769894,497,0.0,True,0.0,stage_5_relaxed_alignment,209.77492976516584,10.488746488258291,0.011277245307945983,0.18002238869667053,19.748056,41.983333,3.1212487507053135,1.0404162502351044,20.5,1.025,A
id_070006,Tandahah,1983,16.0,10.0,4.2,partial,2044.0074462890625,0.973673806785509,2043.82861328125,2050.62158203125,0.6655062460586795,3.0362316151253825e-08,2.403533925401607,0.9876335118590411,736,0.0,False,0.0,stage_5_relaxed_alignment,240.5620675687018,24.05620675687018,0.002875592487837636,0.10660818964242935,18.312683,42.876847,2.949793140224086,0.7023317000533538,6.79296875,0.679296875,B
id_070007,Atud Al-Khamis,1981,22.0,16.0,6.24,partial,2018.0133056640625,0.56974609375,2012.6351318359375,2025.1351318359375,1.28913091536219,4.424837267703937e-09,2.4867380917035016,0.9447382675558138,1425,0.0,True,0.0,stage_2_upstream_walk,1082.7883648359634,67.67427280224771,0.014000615170902037,0.0896395891904831,18.260411,42.715894,6.360617169060744,1.0193296745289653,12.5,0.78125,B
id_070008,Tarjas,2012,25.0,20.0,9.7138,full,,1.0,1912.8466796875,1933.8466796875,1.7560290148756552,0.08906760540391755,1.293358343544709,0.9993088925364316,1949,0.0,True,0.0,stage_3_quality_recovery,270.1484210998539,13.507421054992696,0.015333340516291767,0.22887323796749115,19.104167,42.295,10.471302827544829,1.0779821313538294,21.0,1.05,A
id_070009,Marbah,2008,32.0,26.0,10.0,full,,1.0,350.1285400390625,380.6285400390625,0.8006877688275974,0.0007949605935944398,1.7129631799393856,0.9996849184532381,883,0.0,True,0.0,stage_5_relaxed_alignment,421.579302586634,16.214588561024385,0.07897776680997687,0.27735984325408936,17.903333,42.384722,10.21670338774693,1.021670338774693,30.5,1.1730769230769231,A
id_070010,Atud,2008,35.0,29.0,10.0,full,,1.0,442.9582214355469,469.5325927734375,0.5802768436034704,0.0009298202363190541,1.7041344840392683,0.9995081433325979,640,0.0,False,0.0,stage_2_upstream_walk,391.4452120208413,13.498110759339356,0.038792419103346146,0.3081854283809662,17.900556,42.471111,6.351991401679706,0.6351991401679706,26.574371337890625,0.916357632341056,A
id_070012,Tabalah,2014,49.25,34.25,68.41,full,,1.0,1339.0,1378.0,5.12260331807702,0.0006047637991712864,1.6494488136820413,0.9997922959660286,5712,0.0,True,0.0,stage_2_upstream_walk,359.362296463595,10.492329823754599,0.031532695329982846,0.20575378835201263,19.953934,42.143974,70.79115829246447,1.0348071669706838,39.0,1.1386861313868613,A
id_070014,Al-Malik Fahd,1997,68.0,60.5,325.0,partial,1261.021484375,0.9154030936104911,1256.2840576171875,1312.2840576171875,14.296923797200673,0.0017411226145716808,1.575133339156533,0.9993162489570578,15926,0.0,True,0.0,stage_1_fast_path,539.3124556279901,8.914255464925455,0.010070655730967385,0.24657520651817322,19.6964,42.487117,326.4536831890411,1.0044728713508957,56.0,0.9256198347107438,A
id_070069,Jariyah Al-Majardah,2009,14.0,11.0,0.6,full,,1.0,550.358642578125,562.858642578125,0.11260394354244628,0.0055251529553551485,1.591083159708248,0.9976658784959965,125,0.0,True,0.0,stage_2_upstream_walk,240.1108475136692,21.828258864879018,0.05158161757884155,0.25368455052375793,19.194981,41.922949,0.6004042269683235,1.0006737116138726,12.5,1.1363636363636365,A
id_070082,Al-Madhah,1983,8.0,6.5,4.25,full,,1.0,1616.5416259765625,1632.0416259765625,1.3081624508202752,0.017637955716427386,1.3768570930625217,0.9971419631501581,1451,0.0,True,0.0,stage_1_fast_path,1020.8831844660078,157.0589514563089,0.003950028903191331,0.06115904822945595,18.787722,43.210619,4.846782450454722,1.1404194001069934,15.5,2.3846153846153846,A
id_070096,Al-Qabah,2011,17.0,14.0,2.0,full,,1.0,1494.1136474609375,1510.33642578125,0.21218684086525047,0.0002905201488613316,1.8256712042467644,0.9981407150739405,236,0.0,False,149.924713050195,stage_4_river_retry,209.894598270273,14.992471305019501,0.09851217674685,0.3689391314983368,19.504167,42.185,1.5552126609604535,0.7776063304802268,16.2227783203125,1.1587698800223214,A
id_070098,Dhahban,1996,15.0,12.0,2.29,full,,1.0,27.716768264770508,44.71676826477051,0.6720201224001653,0.008022720431119188,1.4537609921264196,0.9964870253047622,742,0.0,True,0.0,stage_1_fast_path,391.2303501875262,32.60252918229385,0.0036733218106971516,0.13406997919082642,18.13764,41.641,2.5157734433922636,1.098591023315399,17.0,1.4166666666666667,A
id_070099,Al-Fid,1984,23.0,20.0,2.5,partial,2160.0576171875,0.61646484375,2155.263427734375,2167.763427734375,0.567575425086738,8.580766952947447e-07,2.1743890350225303,0.9954239909799165,627,0.0,True,0.0,stage_2_upstream_walk,451.3041012194965,22.565205060974826,0.007533975747731213,0.153322234749794,17.999178,43.428686,2.713861442440256,1.0855445769761025,12.5,0.625,A
id_070101,Harjab,2012,21.0,16.0,4.65,full,,1.0,1474.2252197265625,1491.306640625,0.5008455231862738,0.0007397277944611024,1.692323924041587,0.997621195966335,557,0.0,False,0.0,stage_1_fast_path,179.91838781558081,11.244899238473801,0.02080899139288493,0.1398022472858429,19.332222,42.835278,3.4865862049457403,0.7498034849345677,17.0814208984375,1.0675888061523438,A
id_070114,Khadar Al-Haymah,2009,9.0,6.0,1.128733,full,,1.0,1866.356201171875,1875.3472900390625,0.3394295497270204,0.07395930204403604,1.2668503516992045,0.9979493009952807,376,0.0,False,0.0,stage_1_fast_path,570.8664268149829,95.14440446916382,0.0055979982499887275,0.10688585042953491,18.695833,42.527222,0.7553661588672456,0.6692159783290164,8.9910888671875,1.4985148111979167,A
id_070116,Al-Mahzamah,1979,22.0,18.0,1.5,full,,1.0,2281.476806640625,2296.476806640625,0.5501503792885538,0.2486766635794506,1.193618111733132,0.9986761166331241,608,0.0,True,0.0,stage_5_relaxed_alignment,1624.3614666542126,90.24230370301181,0.01632609387761257,0.08014184981584549,18.134705,43.106295,1.7379956266751475,1.158663751116765,15.0,0.8333333333333334,A
id_070118,AL-Thafn,2018,8.5,7.0,0.639068,full,,1.0,1333.121337890625,1345.621337890625,0.2446169866850935,0.178474619718252,1.2171155411272332,0.9981560115628846,272,0.0,True,0.0,stage_1_fast_path,179.9327031128518,25.704671873264545,0.006822079120048169,0.18211862444877625,19.245205,43.137778,0.6558343291915604,1.0262355949469546,12.5,1.7857142857142858,A
id_080002,Daqah,2009,18.0,10.0,1.4,full,,1.0,240.97222900390625,252.7886962890625,0.362981889045958,3.433396187822138e-05,1.9024125910469762,0.9915393820662005,405,0.0,False,0.0,stage_1_fast_path,149.6873055649054,14.968730556490538,0.01117626744296692,0.20030184090137482,19.894722,41.136667,1.3873974425756617,0.9909981732683298,11.81646728515625,1.181646728515625,A
id_080003,Alib,2010,9.0,6.0,0.97206,full,,1.0,265.16986083984375,272.3516845703125,0.3847895740927834,0.003183677740060967,1.5095838490369455,0.9932287981266209,430,0.0,False,0.0,stage_1_fast_path,598.2840377728224,99.71400629547041,0.005379464126178477,0.15710461139678955,20.146111,41.065556,0.9156649574196296,0.9419839901031105,7.18182373046875,1.1969706217447917,A
id_080005,Al-Ahsabah,2011,20.0,18.0,11.0,full,,1.0,265.16070556640625,286.2794494628906,1.3364502820918471,0.00028526184783722467,1.7286896017405187,0.9978077957202552,1489,0.0,False,0.0,stage_1_fast_path,329.5503215921048,18.30835119956138,0.045339602121136684,0.2552286684513092,19.699444,41.391667,11.569853835664848,1.0518048941513498,21.118743896484375,1.1732635498046875,A
id_080007,Thurad,2007,25.0,20.0,14.136,full,,1.0,1512.7532958984375,1537.7532958984375,1.8197750999986824,0.001931854715354804,1.5796596005425094,0.9987122290288306,2032,0.0,True,0.0,stage_3_quality_recovery,149.62942660152746,7.481471330076372,0.012618822210036436,0.1807066649198532,20.1575,41.721389,15.021428492152017,1.0626364241760058,25.0,1.25,A
id_080009,Al-Janabin,2011,28.0,23.0,17.0,full,,1.0,1784.62353515625,1808.420654296875,1.083453483129667,2.93222078733341e-05,1.9052049152999782,0.9982318649210039,1208,0.0,False,0.0,stage_1_fast_path,209.63785526172626,9.114689359205489,0.004929930127011609,0.24669206142425537,19.900253,41.710566,9.634260308284851,0.5667211946049913,23.797119140625,1.0346573539402173,A
id_080010,Al-Aqiq,1987,30.0,23.0,19.126142,partial,1637.0234375,0.72906494140625,1632.1466064453125,1650.1466064453125,2.729586577329811,2.1364944160583884e-05,1.8637673487410629,0.9892650136558203,3050,0.0,True,0.0,stage_1_fast_path,329.07220586733814,14.307487211623398,0.0024068745557744354,0.1397777795791626,20.2367,41.5708,20.05507803541904,1.0485689186778515,18.0,0.782608695652174,B
id_080041,Ma'shuqah,2008,13.0,10.0,0.9057,full,,1.0,1612.110595703125,1622.610595703125,0.2539186928664783,0.005420291869208827,1.5291106847973286,0.9932503649269003,284,0.0,True,0.0,stage_3_quality_recovery,179.40701368825995,17.940701368825994,0.0277117684222862,0.2892618179321289,20.363611,41.411667,0.9604653373655433,1.0604674145584005,10.5,1.05,A
id_080044,Madhas,1986,16.0,10.0,1.5,full,,1.0,1751.51513671875,1767.7054443359375,0.15567359519124954,0.16263114693133207,1.2650624653718252,0.990446931357895,174,0.0,False,0.0,stage_2_upstream_walk,89.73339684806442,8.973339684806442,0.0687289674099805,0.3210459053516388,20.222217,41.274233,0.6765985997895544,0.4510657331930363,16.1903076171875,1.61903076171875,B
id_090018,Samirahh,2010,5.5,3.5,0.787228,full,,1.0,985.0,992.0,0.4887600701370243,0.07664385478003714,1.238754339526669,0.9992641509499355,570,0.0,True,0.0,stage_1_fast_path,878.4796107663192,250.99417450466262,0.0015608070144452083,0.03802288696169853,26.580278,42.181111,0.8628330185532996,1.0960395445198845,7.0,2.0,A
id_090023,Al-Halifah,2012,6.0,3.5,2.768748,full,,1.0,974.5052490234375,985.5052490234375,1.3926857174064426,0.12637028906485404,1.1941236985479622,0.9992328639402113,1618,0.0,True,0.0,stage_1_fast_path,645.4461030604682,184.41317230299092,0.003234956906074878,0.044883713126182556,25.917556,40.759946,2.785586621110383,1.0060816734171485,11.0,3.142857142857143,D
id_090024,Al-Sab'an,2010,7.0,4.5,0.630351,full,,1.0,1039.5869140625,1048.5869140625,0.33853633874940603,0.131138102872357,1.22106006046832,0.9996255769671814,396,0.0,True,0.0,stage_3_quality_recovery,233.90798112990424,51.979551362200944,0.01752284124426419,0.15125364065170288,26.995,41.943333,0.7482422487131758,1.1870247666985152,9.0,2.0,A
id_090025,Saqf,2009,7.0,4.0,0.6,full,,1.0,1140.5029296875,1149.0029296875,0.23747304130908603,0.023166410815374308,1.3828743480050905,0.9990888601037167,278,0.0,True,0.0,stage_2_upstream_walk,146.1351748428716,36.5337937107179,0.015009452586991563,0.1118636429309845,26.960556,41.084167,0.6344715878860563,1.0574526464767606,8.5,2.125,A
id_090026,Watadah,2010,6.0,3.5,0.649943,full,,1.0,882.7489624023438,889.2489624023438,0.4057335275813156,0.04060383284657967,1.2830209301238504,0.9977108355404084,472,0.0,True,0.0,stage_1_fast_path,351.82823949983595,100.52235414281027,0.003356378699994234,0.08589009940624237,26.271415,42.086535,0.6505060317736453,1.000866278694663,6.5,1.8571428571428572,A
id_090027,Al-Salimah,1989,6.0,3.5,1.0,full,,1.0,976.164306640625,982.690185546875,0.2584916838274703,0.0008655987303182732,1.6192807724627905,0.9700163716268151,301,0.0,False,0.0,stage_1_fast_path,293.04886251797643,83.72824643370755,0.006964194107160539,0.07159851491451263,26.30225,41.349267,0.5874030290298661,0.5874030290298661,6.52587890625,1.8645368303571428,B
id_090028,Dalihan,2008,5.5,3.0,1.0,full,,1.0,988.2699584960938,995.2763061523438,0.20108040309205832,0.00030278221739474004,1.7301480143945935,0.9806843672844977,236,0.0,False,0.0,stage_1_fast_path,321.0861385438431,107.0287128479477,0.006692293100133127,0.1494140625,27.278333,40.991389,0.5105823370886268,0.5105823370886268,7.00634765625,2.33544921875,B
id_090032,Al-Wasitah,1989,15.0,10.5,2.5,full,,1.0,997.8988037109375,1009.3988037109375,1.0605527193928386,0.13964022855647218,1.2136706688324412,0.9996444122002569,1239,0.0,True,0.0,stage_1_fast_path,702.1691092080088,66.87324849600084,0.0073787676377222045,0.15985874831676483,26.793333,41.733889,2.8452600801144436,1.1381040320457774,11.5,1.0952380952380953,A
id_090033,Al-Ha'it,2008,12.0,9.5,3.0,full,,1.0,1049.0,1056.768798828125,0.3905840509833816,0.0029212763451467393,1.537034201910179,0.9976575067322581,454,0.0,False,0.0,stage_2_upstream_walk,234.64044978864388,24.698994714594093,0.001555721471335425,0.047824110835790634,25.963333,40.471111,1.1872378642226136,0.3957459547408712,7.768798828125,0.8177682976973685,B
id_090034,Al-Dabiyah,2012,9.0,6.0,1.191704,full,,1.0,1044.3367919921875,1052.8367919921875,0.6789939253163969,0.05815266031772502,1.2645127903095292,0.9991292232542031,788,0.0,True,0.0,stage_1_fast_path,293.5417206998367,48.92362011663945,0.0012656866406741479,0.048369843512773514,25.7525,40.572778,1.3948241327486262,1.1704451212286155,8.5,1.4166666666666667,A
id_090037,Al-Adirah,2013,8.0,4.5,0.55087,full,,1.0,1047.840576171875,1053.840576171875,0.43367216843983586,0.0225256685790282,1.3137465223947618,0.9989885165921716,509,0.0,True,0.0,stage_1_fast_path,321.08097253773275,71.35132723060728,0.0018231255343020584,0.05158217251300812,27.366389,41.585,0.5810695852180119,1.0548216189264472,6.0,1.3333333333333333,A
id_090040,Al-Rawd Bin Hadi,2012,5.5,3.0,2.0,full,,1.0,1013.0772705078125,1023.0772705078125,0.858814568847987,0.0032656301453445873,1.486485080467772,0.9975584725740276,1000,0.0,True,0.0,stage_1_fast_path,556.8052256885915,185.60174189619715,0.022133738649671914,0.0742727592587471,26.189786,40.502343,2.239573691913338,1.119786845956669,10.0,3.3333333333333335,D
id_100004,Shawaq,2006,7.0,4.0,0.8,full,,1.0,697.8714599609375,703.1600952148438,0.1702097445798432,5.921237843722174e-06,2.07203636700959,0.994615420334578,200,0.0,False,0.0,stage_1_fast_path,525.1093088294531,131.27732720736327,0.04864493369705651,0.19200198352336884,27.48,36.610278,0.4231839774616352,0.528979971827044,5.28863525390625,1.3221588134765625,A
id_100005,Aynawanah,2008,7.5,5.0,0.7,full,,1.0,212.63705444335938,221.08001708984375,0.11337092668078508,0.009689091003876238,1.4696481239131844,0.9897347504241808,134,0.0,False,0.0,stage_1_fast_path,232.69574182921696,46.53914836584339,0.003409149669342262,0.19298520684242249,28.211111,35.3275,0.2756013385542219,0.3937161979346028,8.442962646484375,1.688592529296875,B
id_100006,Damah,2013,11.0,8.5,0.934972,full,,1.0,435.9548645019531,450.9548645019531,0.2274579359915451,0.00019168168857587272,1.8129720988439826,0.9962293777591623,267,0.0,True,0.0,stage_3_quality_recovery,437.810502327127,51.50711792083847,0.03211078981831979,0.1702631115913391,27.3778,36.442937,1.0103562250410956,1.0806272541221507,15.0,1.7647058823529411,A
id_100007,Sharamah,2008,8.0,5.0,1.0,full,,1.0,257.7852478027344,266.2102966308594,0.11266257994804384,0.07241241510498962,1.3033493450767721,0.9958147768275898,133,0.0,False,0.0,stage_1_fast_path,378.36188281864594,75.67237656372919,0.009446918521583705,0.27727010846138,28.083889,35.501944,0.2867389722737808,0.2867389722737808,8.425048828125,1.685009765625,C
id_100009,Al-Nabi',2008,15.0,12.0,1.0,full,,1.0,427.5290832519531,438.42327880859375,0.16209225303096425,8.07604150691815e-06,2.1107102079477507,0.9978051255031762,189,0.0,False,0.0,stage_1_fast_path,175.71202253414765,14.642668544512304,0.034526885846112014,0.31287917494773865,26.418333,37.085,0.8113188961232392,0.8113188961232392,10.894195556640625,0.9078496297200521,A
id_100010,Al-Kar,2013,10.8,8.0,1.003409,full,,1.0,410.5566101074219,418.0566101074219,0.48721882206980205,0.000248425439976585,1.7020579817763308,0.9982700473379261,569,0.0,True,0.0,stage_2_upstream_walk,819.3395648327958,102.41744560409947,0.03387799597578887,0.1760859191417694,26.643056,36.955833,1.21162501446181,1.2075086175844645,7.5,0.9375,A
id_100011,'Afal,2007,12.0,7.0,2.0,full,,1.0,727.8745727539062,739.91943359375,0.31786194782714194,0.007291285041071019,1.500149568750331,0.9957246159222054,378,0.0,False,0.0,stage_1_fast_path,347.98026645042853,49.7114666357755,0.003223999879365335,0.24428462982177734,28.941389,35.18,1.4154527081482453,0.7077263540741227,12.04486083984375,1.7206944056919642,A
id_100012,Shaghab,2013,10.5,7.5,1.743381,full,,1.0,421.3856201171875,429.5072021484375,0.31624383426764985,4.668741151844514e-06,2.059307738109385,0.9913014804976824,371,0.0,False,0.0,stage_3_quality_recovery,408.7446811031052,54.499290813747365,0.004825760343953032,0.2278842329978943,27.293333,36.4975,1.088952825544266,0.6246212534978103,8.12158203125,1.0828776041666666,A
id_100014,Al-Fari'ah,2009,12.5,9.5,4.643,full,,1.0,1117.2281494140625,1129.7281494140625,1.7411616898138422,0.10952924858132941,1.2301825508105566,0.9996711436045274,2042,0.0,True,0.0,stage_1_fast_path,846.8172194172644,89.13865467550151,0.005409379700915298,0.15099477767944336,27.178889,37.035,5.296601922968235,1.1407714673633933,12.5,1.3157894736842106,A
id_100015,Wadi Al-Najad,2013,10.0,7.0,1.047775,full,,1.0,528.2853393554688,536.3497314453125,0.30012848197755077,1.5838598656748533e-05,1.9555929838394175,0.984511533457272,351,0.0,False,0.0,stage_1_fast_path,584.830539633813,83.54721994768758,0.01407668552883766,0.2240670919418335,26.818056,37.023889,0.902950646633315,0.8617791478450193,8.06439208984375,1.1520560128348214,B
id_100019,Damh,2012,10.0,7.0,2.5,full,,1.0,845.5023193359375,864.0023193359375,0.6695489328647735,0.06418655604367801,1.308931912904961,0.997958920373807,793,0.0,True,0.0,stage_1_fast_path,406.8015538487282,58.11450769267545,0.0037045423592169313,0.17763443291187286,28.568056,36.000556,2.809488113628668,1.123795245451467,18.5,2.642857142857143,A
id_110000,Al-Ma'tadal (Al-Tamariyah),2009,4.5,3.0,0.574,full,,1.0,728.838623046875,736.338623046875,0.43618213786007765,0.030770151531013208,1.3058273238307814,0.9983140947489755,526,0.0,True,0.0,stage_1_fast_path,547.1352141141543,182.37840470471812,0.009390133953109054,0.05742529034614563,30.519167,40.3425,0.7295270642251014,1.2709530735628944,7.5,2.5,A
id_110002,Al-Ay'ali,2009,6.5,5.0,1.2,full,,1.0,594.14013671875,600.64013671875,0.6643803633027517,0.005928404506237077,1.425809838510327,0.9990674033701419,802,0.0,True,0.0,stage_3_quality_recovery,374.1662075475684,74.83324150951367,0.006030874295031353,0.03783576563000679,30.592668,38.633672,1.2055355657061468,1.004612971421789,6.5,1.3,A
id_110004,Al-Shawihitiyah,2009,5.5,3.0,2.3,full,,1.0,673.6249389648438,680.2845458984375,0.2774031005945746,0.010734065465904552,1.4258657688658045,0.9938554831073736,334,0.0,False,0.0,stage_2_upstream_walk,288.1923325442539,96.06411084808462,0.0026224072726303803,0.038574300706386566,30.325442,40.187523,0.6567559933986823,0.2855460840863836,6.65960693359375,2.2198689778645835,C
id_110006,Bair,1999,6.0,4.5,1.25,full,,1.0,540.59423828125,546.353515625,0.5368950138711421,0.02077365852530243,1.3397465586228874,0.9923628749920674,651,0.0,False,0.0,stage_1_fast_path,488.2059998850364,108.49022219667476,0.003494337874730951,0.027678435668349266,31.161667,37.481944,1.0432752573686557,0.8346202058949246,5.75927734375,1.2798394097222223,A
id_110007,Hasidah Al-Gharbiyah,2001,7.5,6.0,1.3,full,,1.0,511.3175964355469,520.8175964355469,0.3736288540962466,2.8316246169219052e-06,2.098694475159077,0.9974910514172359,454,0.0,True,573.7494380876935,stage_5_relaxed_alignment,602.4369099920783,100.40615166534639,0.0032226160643488524,0.033628202974796295,31.423056,37.247222,1.4325868453040558,1.10198988100312,9.5,1.5833333333333333,A
id_110008,Sarmadah,2007,3.3,2.0,2.2846,full,,1.0,532.7257080078125,540.2091064453125,0.2881131701494442,0.0034146573687231776,1.5118981967392595,0.9994278081581071,349,0.0,False,,stage_6_fallback,114.92878974270272,57.46439487135136,0.0011628748157767124,0.04724116995930672,31.039021,37.612829,0.6146139116798316,0.26902473591868664,7.4833984375,3.74169921875,D
id_110009,Hasidah Al-Sharqiyah,1999,6.5,5.0,2.6,full,,1.0,528.0,535.0,1.309656970812858,0.003726590692274598,1.4586591129819764,0.9995908803871643,1589,0.0,False,0.0,stage_2_upstream_walk,1636.4083485806893,327.28166971613786,0.006768351407862986,0.02821263112127781,31.244167,37.353333,3.12990707782368,1.2038104145475692,7.0,1.4,A
id_110010,Al-Marir,2019,14.0,12.0,1.194257,full,,1.0,702.0704345703125,712.0704345703125,0.3928904995187082,0.0001385722419921499,1.7782999186861708,0.993728461684306,472,0.0,True,0.0,stage_5_relaxed_alignment,721.2814664275305,60.10678886896088,0.007481890514649635,0.052338164299726486,30.049444,39.913889,1.2100944145663601,1.013261311900504,10.0,0.8333333333333334,A
id_120000,Baish,2008,73.0,61.0,193.644,full,,1.0,257.250244140625,327.750244140625,8.071022978862583,0.007749219135028419,1.505547528587295,0.9995744336487952,8893,0.0,True,0.0,stage_3_quality_recovery,361.5108962027838,5.926408134471865,0.004897769111468734,0.27247461676597595,17.665556,42.6575,195.1439580421764,1.007745956715294,70.5,1.1557377049180328,A
id_120002,Jazan,1970,39.7,31.5,54.2,partial,155.01087951660156,0.7098219129774306,151.09347534179688,164.59347534179688,11.315303219773414,4.919499215132158e-05,1.7079544583195234,0.997194618011677,12433,0.0,True,0.0,stage_1_fast_path,543.0222644604154,17.238802046362395,0.007430588522955027,0.08650580793619156,17.048889,42.957222,55.28508078407108,1.020019940665518,13.5,0.42857142857142855,A
id_120003,Damad,2009,42.0,35.0,55.5,full,,1.0,222.3966827392578,259.3966827392578,6.098325117529913,0.15470763448358202,1.2619550942811266,0.9998270301160751,6706,0.0,True,0.0,stage_5_relaxed_alignment,814.2115834574828,23.26318809878522,0.009942567577597953,0.08961907029151917,17.198611,42.988056,56.27741939749748,1.0140075567116664,37.0,1.0571428571428572,A
id_120012,Wasah,2009,25.0,22.0,1.5,full,,1.0,269.4712219238281,288.4712219238281,0.21079678737664423,0.0015932939217744684,1.6876545294382381,0.9984461984618828,232,0.0,True,0.0,stage_2_upstream_walk,211.00174232668007,9.590988287576367,0.021058247831508576,0.10543984919786453,17.402222,42.831111,1.535318411507261,1.0235456076715073,19.0,0.8636363636363636,A
id_130000,Najran,1979,60.0,45.0,86.0,full,,1.0,1367.2767333984375,1409.2767333984375,6.708321426086865,0.008264017877395852,1.4683641741280455,0.9995666149998721,7391,0.0,True,0.0,stage_1_fast_path,241.01569096031034,5.355904243562452,0.1464126031058981,0.35722219944000244,17.408056,44.014167,88.04229400260834,1.0237476046814924,42.0,0.9333333333333333,A
id_130008,Khadiran,2010,13.0,10.0,1.0,full,,1.0,1678.015380859375,1691.515380859375,0.2597058676315103,0.0008919187169075675,1.6728376561958587,0.9969950430664553,287,0.0,True,0.0,stage_2_upstream_walk,180.491630893356,18.0491630893356,0.0024487117867745913,0.24013030529022217,18.000556,43.861389,1.0401808182662755,1.0401808182662755,13.5,1.35,A
id_130015,Qatan,2009,13.0,10.0,0.7585,full,,1.0,1525.2244873046875,1534.7244873046875,0.2187516098625685,3.9129107844800755e-05,1.9336707474224692,0.9976603708249587,242,0.0,True,0.0,stage_1_fast_path,90.19639931524077,9.019639931524077,0.03681693100268505,0.3441091775894165,18.189722,44.015833,0.8463065898092138,1.115763467118278,9.5,0.95,A
id_130020,Tarimah,2010,19.0,16.0,2.0735,full,,1.0,1309.0244140625,1327.5244140625,0.35035773129911174,0.012312964432314725,1.4859080669613005,0.9989558485540455,387,0.0,True,0.0,stage_2_upstream_walk,90.2654652470058,5.641591577937863,0.06791510881000552,0.36160537600517273,17.892778,44.095,2.1772877100112753,1.050054357372209,18.5,1.15625,A
